time,场站名称,lon,lat,实测辐照度(W/m²),出线柜功率(MW),prs,t,difssi,ssi,ws,dirssi,rhu
2024-08-14 00:00:00,test2,100.37,35.96,0,0,702.7,9.3,0.0,0.0,5.7,0.0,92.3
2024-08-14 00:15:00,test2,100.37,35.96,0,0,702.8,9.2,0.0,0.0,5.3,0.0,92.7
2024-08-14 00:30:00,test2,100.37,35.96,0,0,702.8,9.1,0.0,0.0,5.0,0.0,93.1
2024-08-14 00:45:00,test2,100.37,35.96,0,0,702.8,8.9,0.0,0.0,5.1,0.0,93.3
2024-08-14 01:00:00,test2,100.37,35.96,0,0,702.7,8.9,0.0,0.0,5.3,0.0,92.4
2024-08-14 01:15:00,test2,100.37,35.96,0,0,703.1,8.8,0.0,0.0,5.2,0.0,91.8
2024-08-14 01:30:00,test2,100.37,35.96,0,0,703.0,8.7,0.0,0.0,4.8,0.0,92.6
2024-08-14 01:45:00,test2,100.37,35.96,0,0,702.6,8.7,0.0,0.0,4.7,0.0,93.5
2024-08-14 02:00:00,test2,100.37,35.96,0,0,703.1,8.7,0.0,0.0,4.5,0.0,93.9
2024-08-14 02:15:00,test2,100.37,35.96,0,0,703.8,8.8,0.0,0.0,4.2,0.0,93.7
2024-08-14 02:30:00,test2,100.37,35.96,0,0,703.5,8.7,0.0,0.0,4.2,0.0,93.8
2024-08-14 02:45:00,test2,100.37,35.96,0,0,702.8,8.6,0.0,0.0,4.0,0.0,94.7
2024-08-14 03:00:00,test2,100.37,35.96,0,0,702.2,8.5,0.0,0.0,3.6,0.0,95.3
2024-08-14 03:15:00,test2,100.37,35.96,0,0,701.6,8.4,0.0,0.0,3.3,0.0,95.4
2024-08-14 03:30:00,test2,100.37,35.96,0,0,701.4,8.3,0.0,0.0,2.9,0.0,95.1
2024-08-14 03:45:00,test2,100.37,35.96,0,0,701.4,8.3,0.0,0.0,2.6,0.0,94.6
2024-08-14 04:00:00,test2,100.37,35.96,0,0,701.7,8.3,0.0,0.0,2.3,0.0,94.8
2024-08-14 04:15:00,test2,100.37,35.96,0,0,702.0,8.2,0.0,0.0,2.1,0.0,95.0
2024-08-14 04:30:00,test2,100.37,35.96,0,0,702.2,8.2,0.0,0.0,2.2,0.0,95.3
2024-08-14 04:45:00,test2,100.37,35.96,0,0,702.2,8.3,0.0,0.0,2.2,0.0,95.3
2024-08-14 05:00:00,test2,100.37,35.96,0,0,702.0,8.4,0.0,0.0,2.2,0.0,94.7
2024-08-14 05:15:00,test2,100.37,35.96,0,0,701.7,8.4,0.0,0.0,2.6,0.0,94.3
2024-08-14 05:30:00,test2,100.37,35.96,0,0,702.0,8.3,0.0,0.0,2.6,0.0,94.6
2024-08-14 05:45:00,test2,100.37,35.96,0,0,702.3,8.1,0.0,0.0,2.5,0.0,95.0
2024-08-14 06:00:00,test2,100.37,35.96,0,0,702.8,8.1,0.0,0.0,2.2,0.0,95.1
2024-08-14 06:15:00,test2,100.37,35.96,0,0,703.2,8.0,0.0,0.0,2.1,0.0,95.4
2024-08-14 06:30:00,test2,100.37,35.96,0,0,703.3,8.0,0.0,0.0,2.6,0.0,94.6
2024-08-14 06:45:00,test2,100.37,35.96,0,0,703.1,8.0,0.0,3.3,2.7,0.0,93.6
2024-08-14 07:00:00,test2,100.37,35.96,5,0.24,703.0,8.2,3.3,21.5,3.0,0.0,91.8
2024-08-14 07:15:00,test2,100.37,35.96,12.33,1.65,703.2,8.5,21.5,55.8,2.7,0.0,89.8
2024-08-14 07:30:00,test2,100.37,35.96,32.33,3.76,703.1,8.7,55.8,89.5,2.6,4.2,87.9
2024-08-14 07:45:00,test2,100.37,35.96,61.67,10.47,702.9,9.2,88.8,156.3,2.2,107.9,85.3
2024-08-14 08:00:00,test2,100.37,35.96,79,12.82,702.6,9.6,131.3,209.3,1.8,303.6,82.7
2024-08-14 08:15:00,test2,100.37,35.96,72.33,12.48,702.7,10.1,134.3,281.0,1.4,461.2,79.9
2024-08-14 08:30:00,test2,100.37,35.96,87.33,12.65,702.7,10.5,131.7,329.2,1.4,551.8,77.3
2024-08-14 08:45:00,test2,100.37,35.96,93.67,12.45,702.6,10.8,104.5,401.7,1.7,713.8,75.3
2024-08-14 09:00:00,test2,100.37,35.96,122.67,15.83,702.9,11.2,158.3,438.5,1.9,616.4,73.3
2024-08-14 09:15:00,test2,100.37,35.96,166.67,28.94,703.0,11.6,168.3,505.1,1.9,660.1,71.6
2024-08-14 09:30:00,test2,100.37,35.96,164.33,18.59,702.7,11.9,233.8,539.4,1.6,559.8,70.1
2024-08-14 09:45:00,test2,100.37,35.96,474,42.69,702.4,12.2,251.1,601.8,1.3,587.1,68.5
2024-08-14 10:00:00,test2,100.37,35.96,593,37.95,702.5,12.5,207.1,651.0,1.3,703.0,66.7
2024-08-14 10:15:00,test2,100.37,35.96,697.67,36.31,702.8,12.8,216.7,707.5,1.3,723.9,64.9
2024-08-14 10:30:00,test2,100.37,35.96,721,37.72,702.7,13.1,229.7,742.5,1.4,725.1,63.1
2024-08-14 10:45:00,test2,100.37,35.96,471,38.08,702.5,13.4,246.7,791.5,1.4,728.4,61.3
2024-08-14 11:00:00,test2,100.37,35.96,496.33,39.91,702.4,13.8,272.2,820.9,1.3,709.7,59.6
2024-08-14 11:15:00,test2,100.37,35.96,339.33,32.67,702.6,14.1,259.0,865.1,1.4,750.6,57.9
2024-08-14 11:30:00,test2,100.37,35.96,957.33,40.94,703.0,14.4,261.9,890.1,1.4,758.6,56.3
2024-08-14 11:45:00,test2,100.37,35.96,1012.33,44.18,703.3,14.7,281.1,922.4,1.4,749.5,54.8
2024-08-14 12:00:00,test2,100.37,35.96,1058.67,38.23,703.2,15.0,258.9,945.9,1.5,788.4,53.3
2024-08-14 12:15:00,test2,100.37,35.96,1063,37.35,703.0,15.4,197.7,975.9,1.7,873.0,51.8
2024-08-14 12:30:00,test2,100.37,35.96,830,37.79,702.9,15.7,128.6,994.0,1.8,959.2,50.0
2024-08-14 12:45:00,test2,100.37,35.96,1141,38.44,702.8,16.1,113.4,1010.7,2.0,981.4,47.9
2024-08-14 13:00:00,test2,100.37,35.96,1206.67,34.68,702.7,16.4,113.7,1018.0,2.2,983.2,45.6
2024-08-14 13:15:00,test2,100.37,35.96,576.67,25.78,702.6,16.7,113.9,1023.6,2.2,984.6,43.2
2024-08-14 13:30:00,test2,100.37,35.96,1151,37.29,702.5,10.7,113.9,1023.6,2.2,984.6,41.3
2024-08-14 13:45:00,test2,100.37,35.96,514.67,37.01,702.6,17.0,114.0,1023.6,2.2,983.0,39.9
2024-08-14 14:00:00,test2,100.37,35.96,798.67,27.37,702.3,17.2,113.7,1018.0,2.2,981.3,39.9
2024-08-14 14:15:00,test2,100.37,35.96,890,32.67,702.2,17.4,113.3,1010.8,2.2,979.0,38.5
2024-08-14 14:30:00,test2,100.37,35.96,621.33,33.92,702.2,17.6,112.9,1000.3,2.3,974.8,38.2
2024-08-14 14:45:00,test2,100.37,35.96,1007,38.58,702.1,17.9,112.0,980.2,2.2,971.7,38.1
2024-08-14 15:00:00,test2,100.37,35.96,430.67,30.11,701.7,18.0,111.3,964.1,2.2,965.6,38.0
2024-08-14 15:15:00,test2,100.37,35.96,473.67,28.44,701.3,18.1,109.9,934.0,2.2,960.8,37.8
2024-08-14 15:30:00,test2,100.37,35.96,208.67,38.5,700.9,18.3,108.8,910.9,2.2,952.5,37.7
2024-08-14 15:45:00,test2,100.37,35.96,437,38.03,700.7,18.5,107.0,872.9,2.3,946.0,37.4
2024-08-14 16:00:00,test2,100.37,35.96,455.33,43.11,700.4,18.7,105.7,844.8,2.6,934.7,37.0
2024-08-14 16:15:00,test2,100.37,35.96,826.33,34.19,700.3,18.7,103.5,798.8,2.8,926.2,36.1
2024-08-14 16:30:00,test2,100.37,35.96,707.33,34.78,700.3,18.9,101.9,765.7,2.9,913.0,34.7
2024-08-14 16:45:00,test2,100.37,35.96,645.67,35.99,700.3,19.0,99.3,713.1,2.9,902.4,32.7
2024-08-14 17:00:00,test2,100.37,35.96,583.67,42.07,700.4,19.2,97.3,675.0,2.8,890.0,29.7
2024-08-14 17:15:00,test2,100.37,35.96,509,51.91,700.3,19.4,95.2,635.0,3.2,868.5,26.8
2024-08-14 17:30:00,test2,100.37,35.96,434,61.31,700.2,19.0,91.8,573.0,3.7,849.8,26.5
2024-08-14 17:45:00,test2,100.37,35.96,228,18.22,700.4,19.7,89.1,528.0,3.7,815.9,27.4
2024-08-14 18:00:00,test2,100.37,35.96,104,16.22,700.6,19.7,84.8,459.2,3.2,790.3,27.5
2024-08-14 18:15:00,test2,100.37,35.96,75,9.05,700.8,19.6,81.6,344.1,3.2,737.0,27.4
2024-08-14 18:30:00,test2,100.37,35.96,35.67,2.81,701.1,19.0,78.5,82.2,6.8,19.7,33.0
2024-08-14 18:45:00,test2,100.37,35.96,9.67,0,701.3,18.3,75.9,135.8,8.2,40.6,38.4
2024-08-14 19:00:00,test2,100.37,35.96,10,0.36,701.6,17.2,125.3,110.3,8.0,50.9,39.9
2024-08-14 19:15:00,test2,100.37,35.96,5.67,0,701.8,16.6,99.3,37.9,5.2,0.6,37.7
2024-08-14 19:30:00,test2,100.37,35.96,2.33,0,701.0,16.8,37.8,70.0,1.2,172.8,37.9
2024-08-14 19:45:00,test2,100.37,35.96,0,0,701.4,16.9,51.1,37.4,1.9,103.3,47.9
2024-08-14 20:00:00,test2,100.37,35.96,0,0,701.6,15.5,30.5,1.3,3.1,0.0,44.1
2024-08-14 20:15:00,test2,100.37,35.96,0,0,702.1,15.2,1.3,0.0,3.1,0.0,43.6
2024-08-14 20:30:00,test2,100.37,35.96,0,0,702.3,15.2,0.0,0.0,3.6,0.0,44.6
2024-08-14 20:45:00,test2,100.37,35.96,0,0,702.4,14.6,0.0,0.0,3.7,0.0,46.9
2024-08-14 21:00:00,test2,100.37,35.96,0,0,702.5,13.6,0.0,0.0,3.7,0.0,52.7
2024-08-14 21:15:00,test2,100.37,35.96,0,0,702.5,12.8,0.0,0.0,3.2,0.0,58.1
2024-08-14 21:30:00,test2,100.37,35.96,0,0,702.6,12.4,0.0,0.0,2.4,0.0,61.2
2024-08-14 21:45:00,test2,100.37,35.96,0,0,702.7,12.4,0.0,0.0,1.8,0.0,62.4
2024-08-14 22:00:00,test2,100.37,35.96,0,0,702.7,12.2,0.0,0.0,1.3,0.0,63.0
2024-08-14 22:15:00,test2,100.37,35.96,0,0,702.9,12.0,0.0,0.0,1.0,0.0,64.3
2024-08-14 22:30:00,test2,100.37,35.96,0,0,703.2,11.9,0.0,0.0,1.1,0.0,64.5
2024-08-14 22:45:00,test2,100.37,35.96,0,0,703.2,11.9,0.0,0.0,0.7,0.0,64.6
2024-08-14 23:00:00,test2,100.37,35.96,0,0,703.2,11.7,0.0,0.0,0.9,0.0,65.6
2024-08-14 23:15:00,test2,100.37,35.96,0,0,703.2,11.3,0.0,0.0,1.8,0.0,66.1
2024-08-14 23:30:00,test2,100.37,35.96,0,0,703.2,11.1,0.0,0.0,2.0,0.0,66.1
2024-08-14 23:45:00,test2,100.37,35.96,0,0,702.9,10.9,0.0,0.0,2.0,0.0,66.2
2024-08-15 00:00:00,test2,100.37,35.96,0,0,702.8,10.7,0.0,0.0,2.1,0.0,66.4
2024-08-15 00:00:00,test2,100.37,35.96,0,0,702.6,9.8,0.0,0.0,3.1,0.0,64.5
2024-08-15 00:15:00,test2,100.37,35.96,0,0,702.6,9.7,0.0,0.0,3.1,0.0,64.0
2024-08-15 00:30:00,test2,100.37,35.96,0,0,702.7,9.7,0.0,0.0,3.0,0.0,63.7
2024-08-15 00:45:00,test2,100.37,35.96,0,0,702.7,9.5,0.0,0.0,2.9,0.0,63.5
2024-08-15 01:00:00,test2,100.37,35.96,0,0,702.6,9.4,0.0,0.0,2.7,0.0,63.2
2024-08-15 01:15:00,test2,100.37,35.96,0,0,703.1,9.4,0.0,0.0,2.2,0.0,63.3
2024-08-15 01:30:00,test2,100.37,35.96,0,0,703.4,9.3,0.0,0.0,1.6,0.0,63.8
2024-08-15 01:45:00,test2,100.37,35.96,0,0,702.3,9.1,0.0,0.0,1.1,0.0,65.5
2024-08-15 02:00:00,test2,100.37,35.96,0,0,702.0,8.9,0.0,0.0,0.8,0.0,66.0
2024-08-15 02:15:00,test2,100.37,35.96,0,0,702.2,8.5,0.0,0.0,1.4,0.0,67.6
2024-08-15 02:30:00,test2,100.37,35.96,0,0,701.9,8.0,0.0,0.0,2.2,0.0,69.9
2024-08-15 02:45:00,test2,100.37,35.96,0,0,701.5,7.6,0.0,0.0,2.9,0.0,71.5
2024-08-15 03:00:00,test2,100.37,35.96,0,0,701.0,7.5,0.0,0.0,3.1,0.0,72.1
2024-08-15 03:15:00,test2,100.37,35.96,0,0,700.7,7.2,0.0,0.0,3.0,0.0,72.3
2024-08-15 03:30:00,test2,100.37,35.96,0,0,700.8,7.1,0.0,0.0,2.9,0.0,73.1
2024-08-15 03:45:00,test2,100.37,35.96,0,0,701.1,6.9,0.0,0.0,2.7,0.0,75.5
2024-08-15 04:00:00,test2,100.37,35.96,0,0,701.1,6.8,0.0,0.0,2.3,0.0,78.5
2024-08-15 04:15:00,test2,100.37,35.96,0,0,701.3,6.8,0.0,0.0,1.7,0.0,79.5
2024-08-15 04:30:00,test2,100.37,35.96,0,0,701.8,7.0,0.0,0.0,1.2,0.0,78.9
2024-08-15 04:45:00,test2,100.37,35.96,0,0,702.0,6.7,0.0,0.0,1.8,0.0,79.3
2024-08-15 05:00:00,test2,100.37,35.96,0,0,701.7,6.6,0.0,0.0,2.6,0.0,79.0
2024-08-15 05:15:00,test2,100.37,35.96,0,0,701.5,6.6,0.0,0.0,2.7,0.0,78.0
2024-08-15 05:30:00,test2,100.37,35.96,0,0,701.5,6.6,0.0,0.0,2.8,0.0,77.5
2024-08-15 05:45:00,test2,100.37,35.96,0,0,701.9,6.6,0.0,0.0,3.0,0.0,77.3
2024-08-15 06:00:00,test2,100.37,35.96,0,0,702.1,6.6,0.0,0.0,3.1,0.0,77.6
2024-08-15 06:15:00,test2,100.37,35.96,0,0,702.5,6.5,0.0,0.0,3.3,0.0,77.5
2024-08-15 06:30:00,test2,100.37,35.96,0,0,702.8,6.6,0.0,0.0,3.4,0.0,76.9
2024-08-15 06:45:00,test2,100.37,35.96,16,1.75,702.7,6.4,0.0,0.0,3.3,0.0,76.0
2024-08-15 07:00:00,test2,100.37,35.96,36.67,3.47,702.6,7.1,26.0,36.4,3.1,167.2,75.1
2024-08-15 07:15:00,test2,100.37,35.96,54,10.25,702.7,7.9,39.0,73.1,2.7,323.1,72.4
2024-08-15 07:30:00,test2,100.37,35.96,80,16.18,702.6,8.8,48.9,115.3,2.3,445.2,69.7
2024-08-15 07:45:00,test2,100.37,35.96,103,21.87,702.3,9.5,60.0,183.3,1.8,576.3,66.5
2024-08-15 08:00:00,test2,100.37,35.96,135,24.25,702.1,10.0,65.8,230.1,1.1,640.7,66.7
2024-08-15 08:15:00,test2,100.37,35.96,172,26.38,702.1,11.0,72.8,299.1,0.9,713.4,64.4
2024-08-15 08:30:00,test2,100.37,35.96,224,34.33,701.9,11.6,76.8,345.4,0.6,752.3,62.2
2024-08-15 08:45:00,test2,100.37,35.96,308,32.06,701.5,12.0,82.1,414.8,0.6,800.4,60.6
2024-08-15 09:00:00,test2,100.37,35.96,276,40.68,701.6,12.3,85.3,460.5,0.8,826.8,59.5
2024-08-15 09:15:00,test2,100.37,35.96,392.67,42.26,701.8,12.5,89.5,527.4,1.0,859.7,58.4
2024-08-15 09:30:00,test2,100.37,35.96,491.67,37.68,701.6,12.8,92.1,571.0,1.2,878.6,57.4
2024-08-15 09:45:00,test2,100.37,35.96,467.33,48.16,701.6,13.1,95.7,634.8,1.4,903.7,55.9
2024-08-15 10:00:00,test2,100.37,35.96,608,37.87,701.8,13.4,97.9,675.9,1.5,918.5,53.9
2024-08-15 10:15:00,test2,100.37,35.96,594,35.17,701.6,13.8,100.9,734.5,1.5,937.5,51.5
2024-08-15 10:30:00,test2,100.37,35.96,757.33,35.69,701.4,14.1,102.7,771.2,1.5,968.2,49.1
2024-08-15 10:45:00,test2,100.37,35.96,777,36.21,701.5,14.5,105.1,822.0,1.5,961.1,46.9
2024-08-15 11:00:00,test2,100.37,35.96,788.67,36.62,701.7,14.9,106.6,853.3,1.6,968.4,44.8
2024-08-15 11:15:00,test2,100.37,35.96,907,39.06,701.4,15.2,108.5,896.2,1.6,977.9,42.9
2024-08-15 11:30:00,test2,100.37,35.96,921.33,40.37,701.4,15.5,109.7,921.6,1.6,982.8,41.1
2024-08-15 11:45:00,test2,100.37,35.96,967,40.37,701.5,15.8,111.1,954.7,1.6,988.4,39.7
2024-08-15 12:00:00,test2,100.37,35.96,1050.33,26.65,701.3,16.1,111.9,973.5,1.7,991.1,38.5
2024-08-15 12:15:00,test2,100.37,35.96,1022,28.55,701.3,16.5,112.9,997.6,1.7,994.8,37.2
2024-08-15 12:30:00,test2,100.37,35.96,883.33,37.04,701.7,16.9,113.4,1010.8,1.6,997.1,35.3
2024-08-15 12:45:00,test2,100.37,35.96,795,37.19,701.7,17.3,114.1,1026.3,1.8,1000.1,33.0
2024-08-15 13:00:00,test2,100.37,35.96,1081.67,36.13,701.3,17.7,114.5,1034.1,2.2,1002.3,30.2
2024-08-15 13:15:00,test2,100.37,35.96,1056.67,36.65,701.1,18.1,114.7,1041.2,2.6,1005.2,27.6
2024-08-15 13:30:00,test2,100.37,35.96,1075,36.72,701.3,18.4,114.8,1041.9,3.0,1005.9,25.7
2024-08-15 13:45:00,test2,100.37,35.96,1057,35.5,701.2,18.6,114.5,1035.9,3.3,1004.1,24.2
2024-08-15 14:00:00,test2,100.37,35.96,1070.67,34.39,701.0,18.9,114.2,1027.9,3.6,1001.6,22.8
2024-08-15 14:15:00,test2,100.37,35.96,1103.33,37.3,700.8,19.1,113.3,1010.4,3.9,996.4,22.6
2024-08-15 14:30:00,test2,100.37,35.96,411,27.51,700.8,19.2,112.6,995.1,3.8,992.0,23.1
2024-08-15 14:45:00,test2,100.37,35.96,702.67,40.45,700.5,19.3,111.3,968.7,3.5,985.7,23.0
2024-08-15 15:00:00,test2,100.37,35.96,230.33,32.52,700.1,19.5,110.5,948.9,3.2,981.7,22.5
2024-08-15 15:15:00,test2,100.37,35.96,483.67,33.09,700.0,19.5,667.2,764.6,2.7,117.8,22.0
2024-08-15 15:30:00,test2,100.37,35.96,619,36.39,700.0,19.5,622.3,625.4,2.2,3.9,21.2
2024-08-15 15:45:00,test2,100.37,35.96,315.67,35.71,699.8,19.7,547.9,549.3,1.8,1.9,20.2
2024-08-15 16:00:00,test2,100.37,35.96,170.33,23.67,699.5,18.9,274.5,274.6,3.2,0.1,22.7
2024-08-15 16:15:00,test2,100.37,35.96,106.33,13.37,699.2,17.4,257.0,257.5,6.8,0.7,29.1
2024-08-15 16:30:00,test2,100.37,35.96,56.33,6.3,699.0,17.2,199.5,199.6,6.6,0.1,32.6
2024-08-15 16:45:00,test2,100.37,35.96,103,18.6,699.0,18.2,452.7,468.0,6.6,23.9,30.0
2024-08-15 17:00:00,test2,100.37,35.96,181.33,28.65,699.0,18.6,118.1,620.8,5.0,850.7,28.2
2024-08-15 17:15:00,test2,100.37,35.96,161,24.21,699.3,18.7,102.3,581.8,3.8,862.9,26.7
2024-08-15 17:30:00,test2,100.37,35.96,148.33,21.32,699.1,18.8,112.4,514.4,3.6,805.7,24.3
2024-08-15 17:45:00,test2,100.37,35.96,336.67,47.48,699.0,19.0,117.8,469.8,3.0,762.2,22.8
2024-08-15 18:00:00,test2,100.37,35.96,342.67,42.73,699.3,19.2,112.1,424.7,2.3,738.3,21.7
2024-08-15 18:15:00,test2,100.37,35.96,262,51.67,699.6,19.4,92.0,356.3,2.0,726.0,20.5
2024-08-15 18:30:00,test2,100.37,35.96,194,47.71,699.6,19.5,78.2,310.6,1.9,716.8,19.9
2024-08-15 18:45:00,test2,100.37,35.96,139.33,37.8,699.6,19.3,66.8,240.6,1.7,662.0,20.0
2024-08-15 19:00:00,test2,100.37,35.96,92.67,23.15,699.5,19.1,61.0,192.5,1.5,599.5,20.9
2024-08-15 19:15:00,test2,100.37,35.96,64.33,14.3,699.7,18.5,50.4,123.7,1.3,473.8,27.9
2024-08-15 19:30:00,test2,100.37,35.96,42.33,7.96,699.6,17.5,41.1,81.3,1.7,358.9,33.0
2024-08-15 19:45:00,test2,100.37,35.96,18.33,3.06,699.5,16.0,21.1,26.7,2.6,116.5,32.7
2024-08-15 20:00:00,test2,100.37,35.96,1.67,0.23,699.5,15.3,2.3,2.3,3.3,0.0,32.9
2024-08-15 20:15:00,test2,100.37,35.96,0,0,699.5,15.1,0.0,0.0,3.9,0.0,33.4
2024-08-15 20:30:00,test2,100.37,35.96,0,0,699.7,14.6,0.0,0.0,3.9,0.0,35.3
2024-08-15 20:45:00,test2,100.37,35.96,0,0,699.8,14.2,0.0,0.0,3.8,0.0,37.0
2024-08-15 21:00:00,test2,100.37,35.96,0,0,699.8,13.9,0.0,0.0,3.9,0.0,37.7
2024-08-15 21:15:00,test2,100.37,35.96,0,0,699.9,13.6,0.0,0.0,3.8,0.0,38.0
2024-08-15 21:30:00,test2,100.37,35.96,0,0,700.0,13.3,0.0,0.0,3.8,0.0,37.6
2024-08-15 21:45:00,test2,100.37,35.96,0,0,700.1,13.1,0.0,0.0,4.0,0.0,36.3
2024-08-15 22:00:00,test2,100.37,35.96,0,0,700.2,12.9,0.0,0.0,4.0,0.0,35.2
2024-08-15 22:15:00,test2,100.37,35.96,0,0,700.3,12.8,0.0,0.0,4.1,0.0,34.6
2024-08-15 22:30:00,test2,100.37,35.96,0,0,700.4,12.2,0.0,0.0,3.4,0.0,38.5
2024-08-15 22:45:00,test2,100.37,35.96,0,0,700.8,11.5,0.0,0.0,4.9,0.0,47.3
2024-08-15 23:00:00,test2,100.37,35.96,0,0,700.9,11.4,0.0,0.0,6.2,0.0,53.2
2024-08-15 23:15:00,test2,100.37,35.96,0,0,701.1,10.9,0.0,0.0,5.9,0.0,57.5
2024-08-15 23:30:00,test2,100.37,35.96,0,0,701.2,10.5,0.0,0.0,5.0,0.0,59.8
2024-08-15 23:45:00,test2,100.37,35.96,0,0,701.0,10.2,0.0,0.0,5.2,0.0,62.3
2024-08-16 00:00:00,test2,100.37,35.96,0,0,700.5,9.9,0.0,0.0,5.0,0.0,64.8
2024-08-16 00:00:00,test2,100.37,35.96,0,0,701.0,10.3,0.0,0.0,6.3,0.0,57.6
2024-08-16 00:15:00,test2,100.37,35.96,0,0,701.0,10.1,0.0,0.0,6.4,0.0,58.4
2024-08-16 00:30:00,test2,100.37,35.96,0,0,701.2,9.9,0.0,0.0,6.3,0.0,59.4
2024-08-16 00:45:00,test2,100.37,35.96,0,0,701.4,9.8,0.0,0.0,6.7,0.0,59.1
2024-08-16 01:00:00,test2,100.37,35.96,0,0,701.5,9.6,0.0,0.0,6.7,0.0,59.3
2024-08-16 01:15:00,test2,100.37,35.96,0,0,701.6,9.3,0.0,0.0,5.6,0.0,60.4
2024-08-16 01:30:00,test2,100.37,35.96,0,0,700.9,9.0,0.0,0.0,5.1,0.0,61.3
2024-08-16 01:45:00,test2,100.37,35.96,0,0,700.1,8.7,0.0,0.0,4.6,0.0,61.7
2024-08-16 02:00:00,test2,100.37,35.96,0,0,700.1,8.7,0.0,0.0,4.6,0.0,61.1
2024-08-16 02:15:00,test2,100.37,35.96,0,0,700.2,8.8,0.0,0.0,4.7,0.0,59.6
2024-08-16 02:30:00,test2,100.37,35.96,0,0,699.9,8.7,0.0,0.0,4.4,0.0,59.7
2024-08-16 02:45:00,test2,100.37,35.96,0,0,700.3,8.5,0.0,0.0,4.2,0.0,60.0
2024-08-16 03:00:00,test2,100.37,35.96,0,0,699.9,8.1,0.0,0.0,3.9,0.0,61.3
2024-08-16 03:15:00,test2,100.37,35.96,0,0,699.6,7.8,0.0,0.0,3.5,0.0,62.4
2024-08-16 03:30:00,test2,100.37,35.96,0,0,699.9,7.6,0.0,0.0,3.3,0.0,63.1
2024-08-16 03:45:00,test2,100.37,35.96,0,0,699.8,7.3,0.0,0.0,3.0,0.0,63.9
2024-08-16 04:00:00,test2,100.37,35.96,0,0,699.7,7.2,0.0,0.0,2.5,0.0,64.2
2024-08-16 04:15:00,test2,100.37,35.96,0,0,699.4,7.1,0.0,0.0,2.1,0.0,64.4
2024-08-16 04:30:00,test2,100.37,35.96,0,0,699.0,6.8,0.0,0.0,2.0,0.0,64.9
2024-08-16 04:45:00,test2,100.37,35.96,0,0,699.3,6.7,0.0,0.0,2.0,0.0,65.4
2024-08-16 05:00:00,test2,100.37,35.96,0,0,699.7,6.5,0.0,0.0,1.9,0.0,65.7
2024-08-16 05:15:00,test2,100.37,35.96,0,0,700.3,6.4,0.0,0.0,1.8,0.0,66.0
2024-08-16 05:30:00,test2,100.37,35.96,0,0,700.7,6.2,0.0,0.0,1.9,0.0,66.6
2024-08-16 05:45:00,test2,100.37,35.96,0,0,700.8,5.9,0.0,0.0,2.1,0.0,67.7
2024-08-16 06:00:00,test2,100.37,35.96,0,0,701.0,5.7,0.0,0.0,2.3,0.0,68.8
2024-08-16 06:15:00,test2,100.37,35.96,0,0,701.4,5.6,0.0,0.0,2.4,0.0,69.5
2024-08-16 06:30:00,test2,100.37,35.96,0,0,701.5,5.6,0.0,0.0,2.3,0.0,69.4
2024-08-16 06:45:00,test2,100.37,35.96,6,0.26,701.0,5.6,0.0,0.0,2.4,0.0,68.8
2024-08-16 07:00:00,test2,100.37,35.96,19.33,2.85,700.8,6.3,25.9,36.3,2.5,169.7,69.4
2024-08-16 07:15:00,test2,100.37,35.96,44,7.32,701.2,7.1,38.6,71.9,2.4,324.4,65.8
2024-08-16 07:30:00,test2,100.37,35.96,69.67,19.56,701.3,8.5,52.2,133.2,2.1,492.4,62.6
2024-08-16 07:45:00,test2,100.37,35.96,88.67,31.22,701.2,9.0,59.0,176.9,1.7,573.3,57.0
2024-08-16 08:00:00,test2,100.37,35.96,125.33,42.66,700.8,9.7,64.8,222.2,1.8,638.1,55.2
2024-08-16 08:15:00,test2,100.37,35.96,172.67,53.95,700.6,10.4,72.0,292.1,2.2,714.3,52.3
2024-08-16 08:30:00,test2,100.37,35.96,223.67,64.32,700.3,11.1,76.1,339.1,3.2,755.3,50.0
2024-08-16 08:45:00,test2,100.37,35.96,280.67,39.09,700.0,11.5,81.6,409.0,2.6,802.5,48.2
2024-08-16 09:00:00,test2,100.37,35.96,339.67,33.69,699.8,11.9,86.8,454.7,2.7,822.4,47.0
2024-08-16 09:15:00,test2,100.37,35.96,405.67,29.04,699.6,12.2,104.1,520.3,2.8,827.3,45.7
2024-08-16 09:30:00,test2,100.37,35.96,473.67,31.96,699.8,12.8,108.7,564.9,2.7,844.7,44.2
2024-08-16 09:45:00,test2,100.37,35.96,551.33,33.07,700.2,13.4,117.8,628.3,2.8,861.3,42.7
2024-08-16 10:00:00,test2,100.37,35.96,605.33,33.32,700.1,13.8,126.6,668.8,2.8,865.3,41.3
2024-08-16 10:15:00,test2,100.37,35.96,654.67,37.93,699.9,14.2,126.5,727.8,2.5,891.4,39.9
2024-08-16 10:30:00,test2,100.37,35.96,705.67,33.78,700.1,14.7,109.5,765.8,2.4,931.7,38.9
2024-08-16 10:45:00,test2,100.37,35.96,754,30.56,700.0,15.1,104.5,801.4,2.3,950.8,37.9
2024-08-16 11:00:00,test2,100.37,35.96,804,29.54,699.9,15.5,106.1,851.2,2.3,964.0,37.0
2024-08-16 11:15:00,test2,100.37,35.96,854.67,34.8,699.9,16.1,107.4,880.6,2.2,970.4,36.0
2024-08-16 11:30:00,test2,100.37,35.96,894,35.09,700.2,16.6,109.2,919.7,2.2,978.1,35.1
2024-08-16 11:45:00,test2,100.37,35.96,922,33.91,700.2,16.9,110.2,943.3,2.4,982.4,34.5
2024-08-16 12:00:00,test2,100.37,35.96,977,33.88,700.2,17.3,111.0,963.5,2.8,985.5,33.9
2024-08-16 12:15:00,test2,100.37,35.96,633,32.66,700.1,17.5,112.0,986.8,2.8,987.7,33.4
2024-08-16 12:30:00,test2,100.37,35.96,1003,32.87,700.1,17.8,112.4,997.9,2.8,987.5,32.8
2024-08-16 12:45:00,test2,100.37,35.96,516.33,31.68,700.4,18.2,112.9,1011.9,2.9,988.2,32.1
2024-08-16 13:00:00,test2,100.37,35.96,243.67,31.39,700.4,18.5,113.3,1018.9,3.0,989.4,31.6
2024-08-16 13:15:00,test2,100.37,35.96,170.33,27.69,700.2,18.7,113.4,1024.0,3.1,990.4,31.1
2024-08-16 13:30:00,test2,100.37,35.96,80.33,14.86,700.0,18.9,113.4,1023.2,3.2,989.6,30.5
2024-08-16 13:45:00,test2,100.37,35.96,266,32.4,699.9,19.2,113.1,1017.0,3.1,987.6,29.5
2024-08-16 14:00:00,test2,100.37,35.96,291.33,32.73,699.8,19.4,112.8,1010.4,3.0,986.6,28.1
2024-08-16 14:15:00,test2,100.37,35.96,256.33,25.83,699.5,19.6,112.2,997.1,2.7,985.9,26.3
2024-08-16 14:30:00,test2,100.37,35.96,264,25.78,699.2,19.8,111.7,985.6,2.5,985.5,24.4
2024-08-16 14:45:00,test2,100.37,35.96,540,32.73,699.0,20.0,110.8,962.9,2.4,983.2,22.7
2024-08-16 15:00:00,test2,100.37,35.96,366.33,37.14,698.7,20.2,109.9,943.8,2.1,980.5,21.6
2024-08-16 15:15:00,test2,100.37,35.96,422.33,28.61,698.4,20.4,128.0,904.7,1.9,944.0,21.0
2024-08-16 15:30:00,test2,100.37,35.96,568.67,40.3,698.4,20.6,495.5,721.4,2.5,281.8,20.7
2024-08-16 15:45:00,test2,100.37,35.96,822,42.23,698.7,19.2,255.3,255.3,7.9,0.0,25.2
2024-08-16 16:00:00,test2,100.37,35.96,722.33,48.69,698.5,19.0,482.0,753.0,7.6,366.0,27.4
2024-08-16 16:15:00,test2,100.37,35.96,457,43.45,698.2,19.4,200.3,758.5,6.9,784.0,25.3
2024-08-16 16:30:00,test2,100.37,35.96,472.33,35.37,697.8,19.5,99.1,716.7,5.0,926.4,24.2
2024-08-16 16:45:00,test2,100.37,35.96,665.33,32.82,697.4,20.0,105.5,676.3,3.4,899.1,22.5
2024-08-16 17:00:00,test2,100.37,35.96,395.33,35.84,697.5,20.5,94.8,615.6,2.4,892.3,20.6
2024-08-16 17:15:00,test2,100.37,35.96,155,23.26,697.8,20.8,103.7,571.0,2.7,853.4,19.0
2024-08-16 17:30:00,test2,100.37,35.96,150,18.56,697.7,21.1,116.9,522.8,3.9,794.8,18.1
2024-08-16 17:45:00,test2,100.37,35.96,159,20.61,697.8,20.9,115.7,359.3,4.9,537.7,18.1
2024-08-16 18:00:00,test2,100.37,35.96,133.33,21.82,698.1,20.7,114.1,266.7,5.9,368.2,17.9
2024-08-16 18:15:00,test2,100.37,35.96,223,32.63,698.3,20.7,76.4,345.4,6.9,758.1,17.2
2024-08-16 18:30:00,test2,100.37,35.96,175.67,42.36,698.1,20.5,72.4,299.2,7.0,720.9,17.2
2024-08-16 18:45:00,test2,100.37,35.96,132,36.06,698.2,20.2,65.3,228.8,6.7,647.9,17.6
2024-08-16 19:00:00,test2,100.37,35.96,78.67,14.79,698.5,19.8,59.5,181.6,5.7,582.7,18.5
2024-08-16 19:15:00,test2,100.37,35.96,44.67,7.99,698.7,19.3,52.7,137.0,4.6,502.1,20.2
2024-08-16 19:30:00,test2,100.37,35.96,21.67,3.35,698.8,18.2,39.1,74.1,3.8,333.8,23.0
2024-08-16 19:45:00,test2,100.37,35.96,5.33,1.39,698.8,17.1,26.4,37.6,3.5,177.6,25.5
2024-08-16 20:00:00,test2,100.37,35.96,0,0,698.9,16.1,0.0,0.0,3.8,0.0,23.6
2024-08-16 20:15:00,test2,100.37,35.96,0,0,699.2,16.0,0.0,0.0,4.3,0.0,22.2
2024-08-16 20:30:00,test2,100.37,35.96,0,0,699.4,15.8,0.0,0.0,4.3,0.0,21.7
2024-08-16 20:45:00,test2,100.37,35.96,0,0,699.3,15.3,0.0,0.0,3.9,0.0,22.2
2024-08-16 21:00:00,test2,100.37,35.96,0,0,699.5,14.7,0.0,0.0,3.7,0.0,23.7
2024-08-16 21:15:00,test2,100.37,35.96,0,0,699.6,14.3,0.0,0.0,3.7,0.0,25.3
2024-08-16 21:30:00,test2,100.37,35.96,0,0,699.7,13.9,0.0,0.0,3.5,0.0,26.6
2024-08-16 21:45:00,test2,100.37,35.96,0,0,700.0,13.5,0.0,0.0,3.1,0.0,27.4
2024-08-16 22:00:00,test2,100.37,35.96,0,0,700.2,13.1,0.0,0.0,2.7,0.0,27.5
2024-08-16 22:15:00,test2,100.37,35.96,0,0,700.2,12.7,0.0,0.0,3.1,0.0,27.2
2024-08-16 22:30:00,test2,100.37,35.96,0,0,700.2,12.4,0.0,0.0,3.1,0.0,28.4
2024-08-16 22:45:00,test2,100.37,35.96,0,0,700.2,12.0,0.0,0.0,2.9,0.0,30.9
2024-08-16 23:00:00,test2,100.37,35.96,0,0,700.5,11.9,0.0,0.0,3.3,0.0,31.8
2024-08-16 23:15:00,test2,100.37,35.96,0,0,700.7,12.0,0.0,0.0,4.2,0.0,30.1
2024-08-16 23:30:00,test2,100.37,35.96,0,0,700.6,11.7,0.0,0.0,4.3,0.0,29.7
2024-08-16 23:45:00,test2,100.37,35.96,0,0,700.6,11.5,0.0,0.0,4.2,0.0,31.3
2024-08-17 00:00:00,test2,100.37,35.96,0,0,700.4,11.2,0.0,0.0,4.0,0.0,34.2
2024-08-17 00:00:00,test2,100.37,35.96,0,0,701.6,10.3,0.0,0.0,3.7,0.0,57.7
2024-08-17 00:15:00,test2,100.37,35.96,0,0,702.2,9.9,0.0,0.0,3.1,0.0,58.9
2024-08-17 00:30:00,test2,100.37,35.96,0,0,702.2,9.9,0.0,0.0,3.2,0.0,57.7
2024-08-17 00:45:00,test2,100.37,35.96,0,0,702.2,9.7,0.0,0.0,2.8,0.0,58.2
2024-08-17 01:00:00,test2,100.37,35.96,0,0,702.2,9.6,0.0,0.0,2.6,0.0,58.7
2024-08-17 01:15:00,test2,100.37,35.96,0,0,702.1,9.5,0.0,0.0,2.9,0.0,58.7
2024-08-17 01:30:00,test2,100.37,35.96,0,0,701.8,9.3,0.0,0.0,3.2,0.0,58.4
2024-08-17 01:45:00,test2,100.37,35.96,0,0,701.5,8.9,0.0,0.0,2.9,0.0,59.5
2024-08-17 02:00:00,test2,100.37,35.96,0,0,701.7,8.7,0.0,0.0,2.5,0.0,59.9
2024-08-17 02:15:00,test2,100.37,35.96,0,0,702.0,8.6,0.0,0.0,2.5,0.0,59.8
2024-08-17 02:30:00,test2,100.37,35.96,0,0,700.9,8.4,0.0,0.0,2.5,0.0,60.1
2024-08-17 02:45:00,test2,100.37,35.96,0,0,700.3,8.2,0.0,0.0,2.4,0.0,60.7
2024-08-17 03:00:00,test2,100.37,35.96,0,0,700.3,8.0,0.0,0.0,2.5,0.0,61.5
2024-08-17 03:15:00,test2,100.37,35.96,0,0,700.4,7.8,0.0,0.0,2.5,0.0,62.3
2024-08-17 03:30:00,test2,100.37,35.96,0,0,700.5,7.6,0.0,0.0,2.7,0.0,63.4
2024-08-17 03:45:00,test2,100.37,35.96,0,0,700.9,7.4,0.0,0.0,2.7,0.0,64.6
2024-08-17 04:00:00,test2,100.37,35.96,0,0,701.0,7.2,0.0,0.0,2.5,0.0,66.0
2024-08-17 04:15:00,test2,100.37,35.96,0,0,700.9,7.1,0.0,0.0,2.3,0.0,67.0
2024-08-17 04:30:00,test2,100.37,35.96,0,0,700.5,7.1,0.0,0.0,1.9,0.0,67.3
2024-08-17 04:45:00,test2,100.37,35.96,0,0,700.1,7.0,0.0,0.0,1.6,0.0,67.5
2024-08-17 05:00:00,test2,100.37,35.96,0,0,700.3,7.0,0.0,0.0,1.2,0.0,67.2
