net_id,ymd,t0000,t0015,t0030,t0045,t0100,t0115,t0130,t0145,t0200,t0215,t0230,t0245,t0300,t0315,t0330,t0345,t0400,t0415,t0430,t0445,t0500,t0515,t0530,t0545,t0600,t0615,t0630,t0645,t0700,t0715,t0730,t0745,t0800,t0815,t0830,t0845,t0900,t0915,t0930,t0945,t1000,t1015,t1030,t1045,t1100,t1115,t1130,t1145,t1200,t1215,t1230,t1245,t1300,t1315,t1330,t1345,t1400,t1415,t1430,t1445,t1500,t1515,t1530,t1545,t1600,t1615,t1630,t1645,t1700,t1715,t1730,t1745,t1800,t1815,t1830,t1845,t1900,t1915,t1930,t1945,t2000,t2015,t2030,t2045,t2100,t2115,t2130,t2145,t2200,t2215,t2230,t2245,t2300,t2315,t2330,t2345
net_1,20240101,74,33,16,6,21,62,46,90,61,82,28,18,95,37,63,22,1,55,67,11,40,1,91,5,20,29,40,1,17,44,75,34,30,21,39,36,10,19,16,47,12,47,60,48,10,56,8,36,48,28,20,35,90,22,58,7,75,37,62,80,39,85,75,74,100,4,43,92,17,4,74,97,84,34,42,98,44,37,58,47,68,91,73,97,28,50,81,6,54,37,93,75,20,66,86,58
net_1,20240101,66,40,25,28,4,10,2,70,92,30,73,80,15,46,22,21,68,54,11,67,96,7,33,58,25,50,89,85,67,63,1,45,2,97,52,61,64,11,33,87,60,30,47,97,45,63,77,83,13,62,2,89,43,74,55,77,68,69,41,63,28,47,28,33,24,99,87,44,14,55,4,90,12,42,70,21,6,64,99,9,13,1,8,84,16,3,6,33,41,6,4,12,30,44,20,9
net_1,20240101,77,63,7,79,0,70,44,42,12,99,40,16,84,73,94,70,99,85,1,12,47,83,45,42,37,44,18,13,100,99,55,5,14,18,36,3,36,83,76,58,80,51,66,41,25,73,63,93,21,44,97,6,15,48,47,35,38,84,74,84,63,61,35,74,88,82,21,47,13,74,64,25,38,29,50,1,65,10,23,4,75,10,44,44,41,34,37,62,51,65,64,28,89,16,32,99
net_2,20240101,33,60,22,11,20,70,0,21,55,99,90,11,14,38,12,64,99,67,5,23,85,41,66,4,76,14,31,40,83,92,73,31,8,85,66,73,67,93,91,35,96,35,67,51,36,5,97,67,41,100,79,48,93,65,73,29,35,23,4,82,13,12,47,15,30,75,30,78,51,79,61,12,28,36,66,4,55,54,70,11,34,73,78,76,47,33,91,71,33,21,0,98,16,45,98,52
net_2,20240101,2,32,64,6,0,16,54,1,88,82,77,55,66,43,91,78,47,34,41,20,57,34,100,84,78,97,72,27,48,57,79,58,98,34,60,0,32,67,56,45,69,99,5,8,65,16,60,40,84,16,44,86,27,99,26,89,51,39,43,96,58,72,30,35,20,24,53,94,81,10,83,44,18,81,25,96,52,58,17,15,83,65,64,67,15,52,87,57,13,84,80,74,90,22,41,55
net_2,20240101,45,73,41,90,87,85,43,48,95,79,1,39,61,77,5,72,95,17,1,49,17,98,47,18,67,34,54,53,11,77,38,46,27,34,91,95,46,3,27,87,8,63,34,9,97,65,58,87,4,63,32,26,93,15,96,16,28,90,5,73,8,36,3,2,74,58,51,52,7,6,83,18,96,47,6,65,16,16,98,87,70,86,83,66,71,28,17,93,57,86,70,86,73,92,5,10
net_3,20240101,58,72,24,39,7,24,85,33,94,14,29,25,46,100,91,42,53,100,44,85,24,65,75,10,2,6,82,25,58,83,85,46,35,27,72,61,55,35,14,86,73,11,100,54,93,94,22,10,75,30,90,21,25,27,10,38,59,66,26,96,65,47,23,89,16,98,25,88,76,72,96,16,84,25,95,78,51,71,22,46,77,100,52,56,38,89,50,51,85,29,79,52,64,74,76,21
net_3,20240101,66,15,39,25,97,3,85,91,68,92,8,20,99,54,9,76,1,56,68,14,23,0,14,1,86,93,7,33,42,66,30,22,7,52,48,52,21,73,77,61,51,45,74,59,56,33,94,27,77,81,23,96,50,94,28,93,1,68,33,36,21,55,14,29,63,100,43,65,65,19,58,30,93,6,18,28,6,69,78,53,86,64,97,95,53,24,20,26,21,87,94,78,81,49,89,77
net_3,20240101,95,24,96,86,80,67,83,96,92,7,65,29,48,18,12,89,78,92,42,91,89,22,13,52,18,64,59,81,41,79,14,64,31,54,92,0,1,17,48,1,51,69,13,34,56,56,89,10,76,0,0,65,35,46,98,22,36,62,34,64,61,40,2,21,54,89,97,71,51,99,7,24,16,73,19,100,78,42,85,64,44,8,50,26,4,14,32,47,65,1,99,26,80,98,39,37
net_1,20240102,80,61,54,38,35,19,52,17,49,84,73,33,90,45,40,57,40,100,29,72,7,26,7,78,68,41,95,34,85,12,80,5,15,28,67,92,30,12,90,95,19,46,73,92,57,30,73,80,5,90,11,89,22,28,56,70,67,3,73,38,79,43,38,100,10,22,12,90,22,47,27,20,16,82,35,87,48,67,85,71,27,66,14,78,37,73,11,13,37,64,99,77,32,60,85,57
net_1,20240102,6,63,59,39,40,33,41,59,20,61,15,81,79,64,11,79,90,48,29,56,70,93,22,98,81,93,89,96,73,30,60,48,56,34,98,14,13,80,79,51,58,44,65,76,23,45,49,5,83,18,89,21,18,57,14,42,4,22,63,56,93,38,21,27,58,57,56,82,7,72,70,5,8,18,96,0,18,12,84,68,56,89,59,23,67,20,54,23,97,56,53,65,6,37,84,18
net_1,20240102,91,84,68,93,69,54,9,24,25,37,76,13,86,12,47,12,40,91,88,51,76,74,35,13,34,82,82,71,62,90,55,80,44,13,37,41,2,74,90,17,99,48,6,7,20,45,65,74,19,87,96,50,60,96,85,58,97,86,80,4,75,9,100,34,5,32,49,12,17,74,9,44,93,30,64,28,8,34,55,83,75,79,91,82,98,71,39,50,57,98,31,95,18,77,48,29
net_2,20240102,23,19,39,65,71,40,86,67,44,100,2,26,83,88,20,50,25,13,31,52,2,66,45,61,49,27,54,29,58,69,3,42,24,94,5,52,67,55,28,28,92,2,35,42,24,12,2,70,91,28,37,78,82,55,50,65,33,89,42,32,38,67,51,45,58,32,65,57,50,8,46,6,12,25,75,93,89,62,92,56,78,60,82,50,14,83,96,2,70,56,100,42,34,59,0,43
net_2,20240102,56,48,66,55,81,25,48,35,43,92,23,70,91,61,19,34,84,36,37,80,100,90,55,75,67,80,91,62,88,89,88,24,39,77,69,48,20,40,77,96,17,62,48,87,95,73,46,55,85,82,89,9,91,58,52,16,66,85,48,44,45,46,32,89,75,65,8,39,84,79,5,82,8,2,74,71,31,31,20,3,83,81,56,90,56,100,35,6,7,67,42,98,22,94,49,0
net_2,20240102,54,5,13,99,3,27,98,29,68,19,99,18,59,57,9,42,47,69,70,62,64,70,67,59,84,16,92,57,21,98,1,95,38,46,99,27,37,25,61,35,79,38,51,25,55,47,20,80,40,6,90,21,63,96,52,100,19,67,45,95,4,32,73,36,49,25,40,5,86,95,76,53,1,38,55,56,97,45,48,78,24,61,20,31,58,79,56,49,2,41,1,89,96,55,1,14
net_3,20240102,1,4,27,86,84,80,86,89,19,73,94,74,31,76,63,68,5,90,24,88,15,88,21,12,94,89,15,36,0,38,1,39,80,6,87,54,67,64,54,26,100,25,76,50,92,4,81,9,57,64,56,34,46,50,2,77,79,48,34,52,89,97,77,40,51,17,56,38,50,99,47,16,48,42,97,96,10,46,20,74,36,25,17,99,73,8,30,97,6,30,3,88,87,72,59,3
net_3,20240102,35,76,1,78,56,84,67,24,68,29,3,90,27,81,27,44,74,59,31,47,34,22,41,4,78,80,12,11,18,79,39,22,94,33,31,63,39,31,3,65,72,62,11,23,70,43,90,49,45,84,34,21,39,81,17,79,66,93,68,32,30,29,18,62,42,77,31,15,1,43,74,69,21,10,77,90,52,2,76,17,82,11,72,51,48,38,19,56,42,40,52,24,76,71,84,20
net_3,20240102,42,36,14,69,85,39,60,85,1,51,88,99,4,46,65,12,72,47,47,47,93,1,77,61,26,96,59,7,56,76,85,36,8,24,65,95,6,100,87,27,96,8,80,60,26,62,96,33,23,3,46,56,39,47,14,74,97,15,76,8,10,57,80,35,76,87,53,72,12,79,81,48,17,99,56,17,35,65,92,60,95,39,1,63,88,37,98,12,38,75,57,1,24,30,41,66
net_1,20240103,1,71,78,39,35,90,50,93,9,36,72,69,92,20,91,36,2,2,86,5,52,86,47,12,86,93,14,31,91,68,3,77,11,30,40,81,23,48,63,89,80,5,88,94,1,3,21,60,11,42,60,92,56,29,47,7,47,86,25,48,21,2,69,85,22,2,78,84,83,99,20,97,1,18,96,61,84,24,44,47,52,92,5,9,21,79,90,75,38,33,24,43,80,33,93,100
net_1,20240103,59,17,48,56,78,38,24,17,52,18,95,83,22,13,63,59,16,76,53,18,18,91,82,37,6,3,26,22,79,84,82,33,19,30,61,100,52,60,32,83,16,13,90,23,90,20,3,26,4,12,38,6,64,21,17,85,98,59,74,49,100,97,53,1,33,47,77,63,19,88,9,51,74,35,85,76,51,25,97,61,17,31,22,60,65,61,20,14,35,49,17,15,26,99,89,83
net_1,20240103,28,72,39,4,29,42,42,61,78,31,8,95,39,18,59,33,93,6,19,41,42,42,90,25,53,54,66,0,42,17,45,20,83,70,72,53,2,20,24,0,11,33,53,76,58,18,94,11,31,43,55,81,7,25,45,67,98,91,75,10,94,30,52,99,38,44,76,32,77,50,26,46,99,8,94,43,28,85,48,92,10,53,23,87,35,63,95,53,99,53,28,71,68,4,65,2
net_2,20240103,16,98,65,11,39,12,15,97,94,10,49,79,11,27,57,93,98,27,34,80,85,51,74,16,33,93,40,5,20,53,7,82,52,73,52,83,64,53,61,16,28,32,18,72,7,0,27,22,96,40,5,80,74,32,63,86,71,28,77,53,4,77,4,74,73,19,46,65,30,41,6,59,54,19,24,82,1,17,98,74,78,27,4,41,26,14,0,21,5,24,55,38,17,65,73,8
net_2,20240103,13,59,17,5,11,51,21,50,49,4,55,94,25,5,46,71,62,90,29,91,90,20,33,81,82,66,47,11,51,24,46,1,11,56,90,38,27,61,55,85,97,69,17,44,94,64,22,30,18,89,38,33,4,40,3,44,18,11,65,37,28,78,8,90,0,7,64,45,82,56,95,72,37,19,33,57,76,99,88,71,24,90,22,89,25,74,62,35,40,74,69,25,75,56,43,28
net_2,20240103,19,88,72,68,46,62,58,41,9,19,12,16,24,27,25,18,74,34,56,12,7,44,44,83,94,88,66,32,15,16,86,98,75,17,16,1,36,61,17,10,54,5,51,24,40,72,12,86,26,54,7,39,51,32,93,81,80,28,24,75,44,83,83,23,71,75,88,57,49,77,65,23,88,12,66,27,25,62,40,82,9,0,63,69,21,72,16,95,22,15,41,35,85,50,26,39
net_3,20240103,37,95,49,26,79,97,91,32,55,75,28,92,81,4,73,19,58,60,84,84,79,70,45,51,23,73,55,85,50,75,78,95,94,52,13,22,25,7,0,93,92,18,53,87,89,88,35,73,10,8,19,64,32,51,37,1,62,91,90,63,60,5,54,1,56,96,69,11,78,4,82,47,30,8,93,45,26,75,78,80,2,25,82,60,56,73,27,37,51,100,93,32,58,69,75,9
net_3,20240103,69,66,99,47,87,52,16,64,89,48,8,26,26,86,80,97,25,25,91,73,12,46,31,8,78,53,5,26,45,25,30,4,32,29,67,18,94,81,42,2,94,46,74,59,66,65,34,22,47,68,6,100,93,82,38,96,12,62,55,16,37,44,37,36,36,100,73,21,13,94,73,79,1,21,94,71,38,78,93,52,74,55,75,48,86,69,6,81,12,79,56,85,24,73,40,55
net_3,20240103,54,44,84,74,51,40,76,70,86,90,91,73,48,86,78,81,83,36,72,6,37,32,95,16,60,61,22,19,6,23,85,44,70,59,14,9,68,21,1,90,4,39,8,67,31,20,5,36,52,58,89,11,13,15,55,33,24,92,96,71,91,82,30,89,92,36,61,58,67,14,22,71,82,13,59,79,47,28,67,51,94,53,9,37,39,29,98,11,46,64,88,86,67,58,53,68
net_1,20240104,87,70,19,98,98,67,97,49,47,82,21,59,58,28,31,14,16,90,3,23,67,24,9,46,34,75,34,13,10,51,77,100,27,2,74,14,17,77,70,36,23,8,9,16,95,59,57,27,89,13,51,56,87,98,80,82,18,95,53,18,47,81,46,75,59,19,19,89,82,25,39,50,50,71,3,32,58,80,41,78,31,20,20,99,35,13,70,70,81,73,66,74,23,19,70,71
net_1,20240104,81,93,85,46,74,46,85,95,36,35,77,69,42,62,7,3,2,65,48,80,41,81,16,52,6,7,71,100,66,82,71,82,45,62,19,16,76,66,74,1,87,16,40,66,93,3,54,93,85,81,22,57,13,68,93,91,1,11,20,46,14,48,44,83,46,57,74,85,77,97,6,39,19,72,84,28,67,17,70,30,9,85,12,28,16,92,54,14,33,82,20,62,17,15,22,54
net_1,20240104,15,45,89,7,16,0,43,100,95,8,1,82,3,89,53,86,69,3,34,66,30,56,44,87,81,34,51,47,33,18,61,78,90,32,74,41,29,11,27,20,68,32,25,32,3,96,17,72,93,7,49,29,8,79,56,51,15,27,19,96,79,61,34,96,28,22,24,13,25,24,79,32,3,49,60,83,21,31,68,36,63,20,62,53,89,9,86,78,74,92,65,77,33,55,65,63
net_2,20240104,54,99,25,28,85,88,76,35,38,94,39,85,51,22,52,7,62,42,89,63,59,74,70,97,32,75,23,26,80,12,2,72,95,8,27,87,81,27,97,74,61,86,10,93,76,30,86,7,93,74,11,75,27,19,74,74,15,0,90,34,98,62,98,60,13,24,53,13,40,39,78,0,13,72,61,55,10,100,49,28,21,63,60,17,17,39,21,70,100,28,94,46,12,31,24,91
net_2,20240104,84,19,81,6,13,34,69,81,68,8,95,34,90,17,95,52,48,50,62,21,37,93,52,43,3,62,20,26,50,71,55,78,15,73,20,21,14,14,14,70,84,92,87,89,93,38,3,17,74,1,74,51,28,79,2,40,83,0,88,38,63,76,24,20,98,72,16,70,96,55,21,75,22,73,91,16,7,24,21,20,15,36,50,68,20,73,32,11,24,7,18,31,22,7,10,50
net_2,20240104,44,13,56,16,89,47,13,65,23,24,13,88,69,75,54,28,78,78,39,8,32,95,39,35,57,58,10,27,63,91,59,100,79,10,43,79,39,92,7,52,58,7,100,54,12,85,42,42,57,39,64,76,99,39,86,100,87,20,94,53,36,51,69,50,47,89,31,48,6,93,53,65,41,48,26,91,10,25,1,6,42,12,95,44,76,5,94,12,4,12,40,90,92,31,72,7
net_3,20240104,24,55,46,67,41,49,60,83,66,16,52,73,29,25,32,68,75,46,63,79,20,39,23,97,40,80,25,31,59,21,81,18,5,33,3,27,43,43,34,99,52,92,87,71,92,55,45,93,43,47,37,23,68,84,12,90,88,14,61,68,74,93,20,18,4,34,19,25,93,22,2,42,94,32,66,37,27,82,4,80,80,13,36,31,89,92,40,44,46,38,71,77,96,18,63,49
net_3,20240104,7,45,56,27,11,31,87,11,14,9,21,44,55,23,44,99,64,93,92,6,41,24,88,53,13,85,5,90,36,57,11,46,11,77,75,98,89,25,38,12,3,91,13,16,29,47,40,10,4,78,56,65,17,42,83,5,62,65,93,22,28,95,86,32,58,38,36,56,55,84,38,80,43,30,60,32,36,94,58,17,53,100,14,82,54,69,27,40,88,32,74,0,50,27,34,61
net_3,20240104,91,38,20,69,31,100,95,78,95,66,78,5,49,97,77,81,90,91,33,69,34,28,14,49,89,42,75,78,50,82,85,10,9,1,38,84,18,13,28,64,34,40,32,62,70,48,55,54,42,94,30,40,53,43,52,31,13,90,43,39,1,86,82,75,63,99,33,44,29,85,94,95,78,50,50,93,26,31,42,0,78,34,81,76,25,30,69,89,62,64,14,41,99,24,77,89
net_1,20240105,5,27,78,92,77,62,81,43,3,48,42,94,76,70,71,56,0,49,36,98,85,55,16,61,66,28,27,54,50,83,31,60,77,31,30,81,32,92,43,39,65,20,8,2,93,52,75,57,1,16,29,80,6,93,65,7,90,58,92,93,60,66,84,12,5,33,65,58,12,94,98,93,96,96,43,79,64,86,76,87,2,20,40,62,34,5,55,52,21,37,33,100,17,38,78,16
net_1,20240105,43,97,10,53,70,13,44,95,43,53,96,63,11,39,57,54,93,87,87,67,95,44,44,67,26,20,5,39,72,34,83,3,61,49,70,75,65,29,52,49,46,10,62,31,64,4,24,38,56,34,50,40,38,14,78,43,90,14,28,88,21,14,39,10,70,2,90,80,6,55,93,93,39,83,63,39,59,33,40,55,55,5,49,26,44,10,46,49,77,49,18,15,2,39,46,6
net_1,20240105,34,18,2,99,33,58,9,75,82,97,10,54,16,65,6,25,58,43,63,39,20,6,74,76,88,26,90,68,27,58,24,12,45,72,84,49,21,39,12,55,7,99,13,24,40,42,4,60,14,8,94,26,71,25,59,29,23,36,3,60,6,72,94,67,68,84,47,78,21,17,69,63,73,50,77,22,79,83,3,82,26,44,70,20,63,93,99,57,52,66,63,82,47,18,38,42
net_2,20240105,9,83,80,35,82,48,52,98,27,63,29,86,15,24,1,16,73,14,10,86,43,48,59,28,44,38,23,87,90,87,59,46,36,24,20,10,74,69,64,71,22,72,19,96,21,8,6,26,17,17,98,20,16,77,84,97,15,81,40,13,79,56,76,62,74,6,44,79,37,20,56,1,18,4,52,79,64,89,17,90,80,37,23,48,94,22,63,31,87,18,4,27,54,90,59,46
net_2,20240105,51,99,39,47,51,24,18,54,25,91,95,36,81,5,15,20,69,75,46,32,53,15,74,46,68,52,77,57,42,37,87,55,4,52,26,21,83,67,3,0,73,33,24,18,91,73,36,51,12,18,30,74,41,18,79,95,45,20,89,27,3,57,39,72,50,72,20,85,91,28,72,6,43,57,88,62,20,13,2,89,35,91,20,24,9,48,80,33,2,56,40,62,95,98,99,99
net_2,20240105,81,1,67,17,23,16,16,19,92,37,68,73,49,57,14,16,77,16,82,52,3,78,76,100,64,92,16,29,53,0,64,90,2,38,70,24,26,12,74,58,33,56,47,20,71,29,12,89,17,73,60,60,54,12,76,29,36,32,26,89,57,95,65,0,59,80,4,18,15,59,79,74,82,83,97,81,94,41,78,39,80,62,13,99,87,75,90,30,21,81,37,87,27,61,95,10
net_3,20240105,10,58,35,100,30,18,54,53,11,72,55,50,81,54,25,95,7,40,96,30,63,1,94,60,50,62,78,16,33,29,97,56,96,92,36,1,35,76,98,70,22,45,30,19,69,7,81,39,7,67,21,36,99,79,95,96,12,50,21,84,91,75,32,84,93,2,87,0,74,75,95,80,75,97,46,3,29,93,35,95,68,71,7,31,77,51,35,20,66,49,67,47,23,75,38,85
net_3,20240105,55,5,68,82,53,67,20,56,100,99,59,17,92,33,49,81,44,4,100,40,39,93,1,51,35,1,41,23,58,15,94,97,86,34,8,35,33,76,72,86,18,89,86,33,14,39,5,65,5,58,30,92,4,89,79,14,88,22,62,85,9,32,100,60,90,44,12,84,76,22,29,95,86,16,76,97,13,98,17,89,12,50,46,36,4,81,60,10,67,19,85,8,16,100,24,42
net_3,20240105,37,93,73,93,83,22,23,65,85,77,84,55,77,11,80,1,19,79,51,45,50,52,75,84,13,23,76,18,16,83,51,66,68,57,1,37,66,33,56,79,60,29,72,36,25,63,34,85,78,81,48,16,84,80,90,47,83,38,72,100,23,79,65,74,38,90,25,15,0,6,36,20,23,24,1,52,82,41,80,70,59,64,37,35,72,82,76,26,15,26,61,58,72,76,11,59
net_1,20240106,18,59,16,90,60,56,21,62,10,76,3,18,79,19,17,51,34,42,87,37,37,92,34,38,28,70,8,0,0,76,9,22,89,66,15,66,100,100,72,41,44,92,26,100,85,85,71,61,11,55,47,14,20,68,89,50,18,53,48,80,61,35,55,98,10,33,64,95,46,52,55,42,93,48,15,84,28,77,61,1,81,100,17,12,0,30,16,85,71,69,60,38,91,45,44,8
net_1,20240106,52,21,83,9,28,57,77,97,5,45,73,77,23,46,62,51,88,42,16,77,62,62,70,17,94,89,31,67,68,52,74,17,82,78,5,67,4,71,75,50,8,27,89,73,81,55,73,37,84,7,9,54,66,84,64,59,33,100,53,27,83,29,9,92,38,3,86,96,28,72,6,49,67,27,75,50,41,76,88,36,86,70,56,22,47,32,1,32,52,47,32,54,19,75,19,96
net_1,20240106,46,73,46,68,49,41,36,88,36,5,67,87,84,46,52,84,22,32,47,82,23,81,41,50,72,61,55,1,45,43,90,32,85,90,67,91,42,47,27,1,44,92,59,95,58,79,94,8,68,70,62,21,31,90,7,72,17,90,31,34,15,60,18,28,61,84,7,87,66,56,98,90,83,87,53,95,73,25,18,69,16,63,77,21,73,88,94,37,73,43,60,67,28,19,66,43
net_2,20240106,51,59,57,18,29,69,88,78,59,65,99,84,0,62,86,72,67,43,38,41,49,31,46,20,53,66,25,43,93,53,25,95,44,15,67,78,83,50,83,23,82,66,28,16,21,48,87,30,32,27,93,98,52,100,97,85,7,48,35,100,40,61,80,67,30,26,60,2,90,3,99,97,25,80,12,71,0,71,61,38,70,35,80,39,72,58,45,82,43,36,44,55,31,66,58,72
net_2,20240106,23,46,81,18,16,70,53,62,4,19,44,35,72,95,38,42,36,4,86,58,67,87,87,43,11,5,18,83,81,54,8,76,33,10,94,50,78,90,22,31,63,54,80,0,86,4,92,72,66,67,22,92,55,71,66,11,27,41,19,94,22,91,68,96,89,11,86,48,47,34,61,52,43,34,77,11,48,49,96,73,64,20,2,82,56,69,26,10,34,23,97,62,52,90,68,99
net_2,20240106,76,5,51,11,78,94,5,4,32,42,96,53,21,3,96,20,59,31,1,84,12,3,87,38,9,9,30,66,47,85,17,18,35,4,43,30,38,32,88,77,69,32,84,83,100,38,76,10,31,38,6,49,48,63,42,90,1,62,60,70,24,43,53,88,49,76,2,11,95,34,88,73,44,44,98,88,3,3,30,67,57,98,0,62,52,15,41,90,92,49,33,81,75,27,87,33
net_3,20240106,84,83,59,3,62,45,33,30,93,69,39,97,92,18,25,24,6,19,0,63,28,89,0,16,46,42,57,48,6,86,16,24,6,63,61,69,29,95,92,88,42,14,98,92,98,28,58,59,7,1,85,48,96,20,88,99,5,37,14,21,89,69,32,85,99,97,94,36,39,31,94,31,32,77,79,10,3,72,26,40,21,85,74,4,80,87,20,96,56,27,80,55,0,48,84,55
net_3,20240106,17,14,6,36,63,40,22,82,80,58,17,0,41,69,91,14,16,69,12,34,98,82,14,6,5,62,60,32,43,40,16,77,26,57,85,6,94,92,46,74,32,40,40,9,41,18,87,54,64,51,9,65,63,24,73,70,55,31,92,15,62,42,24,86,28,3,55,8,22,92,23,98,71,32,76,48,70,29,7,34,82,44,0,4,63,34,87,38,54,4,9,16,46,83,85,42
net_3,20240106,34,81,40,80,14,32,85,52,77,1,31,73,64,64,62,100,4,100,0,86,9,27,15,18,29,29,75,51,11,31,23,78,39,43,71,78,71,36,35,100,69,94,87,88,53,10,45,52,83,73,26,99,36,79,37,78,9,34,64,11,65,83,39,82,64,26,35,26,18,93,74,22,38,90,26,76,26,62,42,56,4,29,34,90,43,81,52,16,7,48,95,72,70,69,98,12
net_1,20240107,19,45,91,41,71,44,38,89,46,84,60,89,17,32,18,4,2,59,4,94,22,65,41,43,67,47,36,27,49,27,98,84,32,47,46,75,35,12,59,62,98,88,54,8,41,97,82,15,14,92,50,21,55,40,75,32,43,89,55,86,88,89,9,50,0,35,43,76,82,30,32,69,63,31,73,38,10,57,61,23,20,91,66,26,40,50,64,59,41,38,63,87,10,59,35,6
net_1,20240107,74,17,27,14,92,18,50,80,35,25,45,98,48,83,17,99,36,83,84,0,68,65,28,99,62,36,23,87,78,70,58,55,10,2,12,83,23,79,77,35,8,95,25,14,90,51,23,79,31,12,65,38,81,27,20,50,72,26,60,49,6,11,49,73,34,75,23,56,58,29,32,11,90,0,39,76,4,18,0,10,22,60,95,7,44,80,23,76,57,75,70,35,6,88,87,94
net_1,20240107,46,18,88,60,49,99,5,49,87,15,91,72,71,48,59,14,15,29,95,23,79,32,64,73,67,96,23,61,75,62,1,82,33,55,56,56,96,49,73,93,8,19,14,15,17,71,21,30,70,73,80,72,49,41,5,40,11,59,18,22,30,53,93,29,93,73,71,57,85,95,2,51,90,55,47,24,50,5,59,63,76,40,36,79,50,77,64,99,40,35,95,73,24,2,53,34
net_2,20240107,83,61,62,5,51,80,39,56,37,41,95,66,61,38,39,42,85,20,93,76,76,78,11,19,55,76,88,15,94,86,30,56,41,87,17,9,18,88,64,10,96,66,50,40,17,74,11,43,74,77,70,15,9,35,48,9,63,26,100,36,16,45,61,51,80,22,14,91,9,84,1,85,69,11,60,53,48,68,75,3,66,11,74,52,46,43,28,27,50,3,93,50,21,20,99,14
net_2,20240107,6,24,33,14,44,59,17,47,59,83,55,29,99,79,26,35,42,11,21,55,13,76,75,38,49,49,10,46,82,72,54,34,30,90,97,68,78,2,61,75,62,15,75,94,10,94,14,59,61,46,60,34,20,1,59,94,15,11,50,80,91,94,68,27,5,68,100,73,100,27,0,62,73,82,35,15,55,49,3,73,12,20,47,95,71,29,92,30,76,39,50,78,86,37,1,32
net_2,20240107,85,83,70,47,66,98,94,97,87,71,35,40,52,17,19,56,81,86,37,17,80,17,56,32,55,0,42,46,46,31,61,80,5,31,2,15,19,41,29,12,60,96,25,37,35,40,95,35,72,67,16,8,26,82,79,56,18,70,17,51,5,34,72,98,57,55,7,78,70,52,0,72,26,86,20,50,87,95,17,27,88,81,88,100,12,34,65,39,5,89,67,84,100,56,78,7
net_3,20240107,69,94,15,45,72,72,58,71,64,17,4,19,71,58,49,46,34,20,0,76,60,93,53,37,95,91,16,28,64,100,16,37,11,91,25,78,14,4,98,1,20,25,21,13,15,27,67,21,3,26,44,82,47,69,19,86,63,77,52,58,94,82,53,22,54,80,49,73,57,87,74,35,52,93,26,54,26,62,28,73,99,60,81,67,51,25,81,31,81,56,15,78,81,1,4,94
net_3,20240107,89,89,55,68,29,81,31,40,72,10,81,92,90,7,16,20,29,99,86,68,79,42,54,5,35,93,87,12,81,60,23,18,73,58,79,8,27,20,9,14,95,83,33,49,92,67,24,17,62,56,39,6,69,9,73,21,14,49,61,31,75,56,63,6,29,52,57,54,64,22,25,90,15,15,25,65,99,83,70,36,88,22,44,9,38,53,60,74,38,30,77,35,4,70,53,29
net_3,20240107,90,97,18,1,1,64,60,71,96,71,54,82,50,30,91,88,84,75,100,100,92,100,33,74,1,36,7,73,49,19,15,2,58,20,21,53,77,85,8,100,1,29,34,76,87,1,48,66,88,48,47,43,17,90,67,29,35,1,92,55,30,59,13,90,81,2,52,13,60,48,24,23,18,80,45,73,10,25,24,97,6,32,24,41,52,6,15,71,51,91,5,83,76,70,9,79
net_1,20240108,37,49,32,65,7,13,35,30,81,99,40,86,33,14,89,96,52,11,6,34,86,23,60,79,7,41,59,39,85,81,22,89,4,16,47,82,9,0,61,42,89,41,25,38,64,77,34,99,50,73,12,84,36,80,12,39,5,99,86,37,83,56,43,81,92,71,76,99,73,73,100,59,65,42,40,87,67,51,63,53,2,68,12,73,68,53,91,24,94,74,6,100,76,14,45,21
net_1,20240108,88,93,83,30,96,90,100,26,39,79,86,44,46,55,57,82,30,69,85,43,86,38,58,17,12,13,27,17,55,85,57,96,59,66,60,89,99,24,34,40,1,88,47,80,33,36,74,60,76,60,13,46,13,35,42,25,85,1,80,43,91,26,99,77,95,29,18,63,80,88,42,63,53,51,99,84,3,60,79,68,72,84,62,12,87,4,72,85,78,28,64,82,76,88,60,4
net_1,20240108,67,81,17,61,5,95,97,57,8,50,52,66,16,94,79,20,26,16,80,87,89,57,56,65,30,94,78,90,49,30,3,73,2,88,32,24,61,31,13,73,13,38,22,79,63,96,77,10,25,66,0,88,52,51,81,62,2,86,28,20,16,48,3,26,79,55,99,97,79,0,3,52,59,87,52,28,96,22,86,46,54,59,65,59,72,16,25,10,68,4,72,55,29,93,44,97
net_2,20240108,94,30,0,19,22,90,25,71,32,7,46,32,65,99,76,97,6,98,67,88,61,100,4,10,68,48,42,28,4,4,86,92,30,10,5,69,24,84,83,89,61,63,41,62,42,72,7,4,91,33,15,16,48,7,96,48,89,49,31,87,45,79,95,60,79,49,2,47,62,29,73,16,46,64,54,15,0,72,12,39,72,95,17,90,74,24,60,21,69,43,71,81,54,57,83,92
net_2,20240108,23,34,60,78,67,66,85,11,27,9,76,72,26,57,58,87,49,10,22,55,24,51,32,22,3,10,35,61,39,100,6,6,96,27,6,20,68,98,27,29,10,94,11,85,97,82,91,10,69,26,43,77,49,14,30,58,92,82,11,17,96,6,16,29,35,70,76,83,80,58,19,85,100,96,88,47,48,2,57,36,21,19,9,100,25,29,74,30,63,67,20,86,40,85,53,93
net_2,20240108,12,81,7,36,5,20,42,17,58,55,20,33,20,60,81,38,54,15,18,97,56,73,73,97,9,54,82,9,63,15,20,44,85,58,8,16,39,35,44,56,15,3,58,72,48,7,63,73,38,85,83,66,13,64,48,35,52,78,93,69,96,46,97,36,85,95,18,85,54,89,59,19,79,83,46,61,6,50,58,9,52,21,22,55,12,13,34,14,11,38,86,20,32,36,85,74
net_3,20240108,84,97,42,11,50,70,10,9,55,71,28,50,75,51,13,72,59,26,98,62,2,53,40,70,100,81,49,75,44,38,73,4,40,66,27,16,26,51,91,60,66,32,10,20,89,84,30,27,50,43,5,94,83,93,28,78,90,81,6,88,45,87,23,19,59,3,19,53,38,9,21,66,50,5,13,49,53,42,41,35,76,31,29,85,83,16,93,84,79,47,90,56,36,19,60,59
net_3,20240108,69,64,14,94,71,56,30,13,84,50,82,9,44,3,35,33,21,85,90,82,16,92,26,10,97,20,37,52,73,1,95,33,57,18,68,58,83,69,11,47,26,57,93,81,26,8,12,50,37,15,100,92,16,64,54,58,87,37,34,74,63,89,45,10,39,10,49,60,82,70,12,13,21,99,96,80,51,35,6,74,99,87,9,58,61,26,74,45,28,63,23,76,57,64,67,85
net_3,20240108,2,12,20,46,33,64,76,48,75,66,40,43,68,59,6,27,33,100,83,35,2,40,79,74,20,76,91,48,28,87,77,93,28,97,4,20,19,64,89,43,32,58,53,78,18,2,25,13,10,83,13,16,81,44,64,49,26,95,69,17,63,17,42,45,23,34,80,18,70,37,16,77,75,4,63,84,94,54,100,13,12,39,5,11,78,28,48,10,20,75,4,36,97,65,13,93
net_1,20240109,18,78,1,6,55,17,17,50,55,76,12,40,8,73,37,20,68,39,74,6,35,76,60,83,3,88,48,92,54,81,29,85,59,14,44,56,94,71,88,7,81,73,65,17,26,82,74,4,48,11,47,80,75,68,90,59,38,99,4,56,75,11,58,41,71,37,27,40,56,37,23,75,94,61,95,0,42,49,65,91,60,55,68,98,37,65,27,86,79,26,60,2,41,40,80,2
net_1,20240109,82,96,18,19,31,73,54,87,26,6,95,24,14,10,27,70,31,60,35,51,8,18,24,10,1,22,67,36,78,31,31,80,49,0,22,14,39,31,29,80,57,50,66,74,97,12,57,2,8,54,18,75,84,18,75,97,100,17,0,51,24,33,33,45,59,78,16,45,77,96,84,54,5,51,52,64,14,83,19,89,10,43,98,97,3,73,7,41,0,31,40,31,100,75,82,30
net_1,20240109,46,35,91,29,28,75,69,37,33,96,73,56,29,42,54,73,65,78,28,87,9,80,36,85,80,34,8,63,6,57,53,60,52,17,35,91,41,20,76,48,53,55,91,56,14,43,37,43,20,6,28,80,45,50,66,48,50,52,40,17,72,53,37,21,24,1,0,42,89,85,34,32,89,81,34,98,95,79,18,60,43,75,100,46,74,68,72,6,62,96,90,22,66,97,29,83
net_2,20240109,92,33,69,39,14,36,83,43,72,6,19,25,26,98,30,48,42,60,40,60,89,32,79,10,82,83,96,44,20,57,63,94,65,8,49,93,52,12,24,66,4,50,82,86,59,99,59,84,89,38,42,20,2,69,81,46,98,54,100,5,52,83,61,85,31,10,53,80,36,61,93,73,43,47,17,22,15,95,41,78,38,13,28,21,22,84,11,79,86,33,79,47,3,85,7,63
net_2,20240109,5,45,66,78,18,35,85,34,3,70,34,72,87,96,95,30,64,87,16,68,83,60,44,23,99,49,79,27,50,10,5,89,62,98,22,37,60,59,28,61,3,19,76,78,78,3,18,36,5,95,75,96,95,30,44,100,40,59,9,48,70,58,67,85,69,49,66,6,63,60,42,50,4,53,1,12,42,36,9,18,53,100,66,11,11,4,95,15,93,40,80,4,71,2,91,96
net_2,20240109,55,86,74,96,49,50,8,71,48,5,62,59,24,9,24,69,27,83,96,69,48,75,49,48,2,100,12,23,69,57,29,41,23,87,77,64,78,54,18,57,0,4,92,48,91,33,84,52,13,24,21,45,36,11,13,71,1,47,79,18,32,87,51,86,23,96,25,86,97,67,7,26,60,1,97,21,8,31,73,72,21,7,92,27,39,26,36,95,5,57,40,32,47,28,70,69
net_3,20240109,84,24,26,54,22,42,99,19,10,34,22,76,92,71,97,39,49,29,0,53,35,64,95,13,29,32,65,83,28,56,19,98,8,23,10,25,33,91,56,22,88,68,88,49,46,70,66,93,93,60,40,48,2,48,98,34,24,22,38,94,85,30,84,80,99,24,51,50,44,10,33,61,62,37,70,61,94,28,29,53,13,90,84,21,97,46,71,39,70,48,14,2,29,61,38,100
net_3,20240109,16,3,53,72,25,81,16,37,54,92,75,22,3,82,64,36,96,74,75,57,39,30,68,51,64,56,61,36,32,12,93,24,21,3,84,3,39,33,41,85,51,55,17,91,97,50,20,27,35,60,98,84,2,54,54,98,5,93,38,81,3,10,70,44,22,6,43,93,86,38,60,6,82,82,60,100,6,41,34,61,24,45,98,81,28,30,62,94,48,82,40,9,47,77,6,5
net_3,20240109,94,85,89,80,17,94,57,15,61,43,87,70,70,92,62,87,0,39,77,44,79,99,91,76,87,47,60,5,36,33,16,61,81,15,77,29,39,77,45,47,98,97,80,38,61,76,36,6,54,71,100,50,99,92,53,32,62,46,67,52,75,48,42,4,96,18,5,82,80,54,66,48,22,41,72,42,11,30,47,1,57,54,24,95,87,72,90,77,34,92,66,82,10,49,57,87
net_1,20240110,32,4,48,85,20,69,69,13,62,40,91,47,64,66,50,39,3,83,99,77,6,100,72,39,38,27,65,43,28,82,8,16,99,23,17,59,52,32,84,66,67,44,74,51,74,97,84,61,77,60,70,90,84,12,83,69,58,15,12,77,21,88,80,51,88,14,22,14,83,94,74,34,86,96,33,40,71,100,55,90,70,95,51,51,95,72,31,19,55,93,20,32,49,94,40,70
net_1,20240110,95,25,0,11,3,53,17,83,14,26,4,34,51,38,14,81,74,85,69,81,33,11,91,2,2,44,22,44,100,43,44,23,99,13,24,85,51,20,24,74,43,52,23,4,18,67,35,27,47,58,0,26,11,46,36,55,76,64,91,56,86,26,44,67,44,37,65,66,94,49,1,22,24,4,55,46,66,89,48,9,19,14,24,15,9,45,18,50,48,57,26,58,38,60,27,2
net_1,20240110,79,14,8,70,36,37,8,78,47,39,82,92,79,20,81,70,42,69,71,49,22,43,47,36,19,5,39,59,59,62,65,5,55,87,99,94,9,43,36,57,54,97,43,51,80,24,84,73,97,80,87,56,42,66,78,30,25,83,81,94,94,79,51,79,28,62,1,85,11,36,5,25,1,86,62,5,36,32,5,42,40,18,59,98,75,40,78,30,17,44,0,56,10,65,90,70
net_2,20240110,48,10,33,20,79,68,77,81,77,27,66,86,64,26,82,26,27,3,50,51,82,50,94,39,25,51,43,81,38,61,64,2,87,6,88,61,9,100,60,27,38,39,56,40,42,78,99,52,14,91,57,98,95,27,30,60,99,30,37,52,60,39,32,67,61,7,95,46,76,21,89,61,66,4,96,32,53,3,21,10,4,79,13,50,27,96,3,50,92,39,6,11,33,8,30,26
net_2,20240110,9,26,31,24,75,75,96,100,72,76,75,12,34,53,26,35,48,86,62,42,47,63,34,91,45,89,15,28,12,61,44,6,56,23,44,40,70,49,80,30,5,29,59,69,92,57,50,65,16,33,17,13,69,46,80,21,42,17,60,0,57,10,35,87,74,64,33,36,75,97,89,25,39,46,1,37,37,10,56,89,4,41,2,90,38,42,91,64,47,62,4,80,33,48,21,62
net_2,20240110,10,94,42,43,74,36,61,89,5,29,58,6,65,97,44,80,20,82,78,22,59,46,58,30,62,70,53,33,76,97,80,66,40,70,79,30,20,87,5,57,79,42,62,96,14,24,62,71,2,11,61,27,97,31,9,96,14,64,37,22,84,87,82,46,80,61,68,90,85,63,70,48,32,36,55,46,54,96,49,14,96,23,41,81,21,79,78,6,16,54,83,13,56,62,24,81
net_3,20240110,32,68,80,97,66,68,78,48,17,6,52,25,43,29,51,35,71,17,98,99,25,65,92,59,3,94,67,11,92,98,34,36,46,25,50,4,37,89,78,30,94,25,12,88,100,86,29,94,58,74,23,7,59,9,9,65,41,22,25,73,42,95,35,81,36,15,49,81,41,45,68,94,88,82,16,35,80,80,6,20,41,67,12,87,69,27,97,87,2,21,20,25,10,56,7,1
net_3,20240110,89,95,59,81,9,11,4,14,71,26,52,95,24,3,92,73,31,9,6,41,94,42,34,5,55,19,36,56,78,38,86,17,65,24,80,73,96,42,81,55,59,47,34,52,46,2,20,26,74,91,10,11,33,16,35,38,81,54,87,3,66,14,50,72,32,48,29,97,11,62,76,94,83,30,80,34,58,6,4,72,1,93,37,30,51,82,5,45,47,66,54,74,96,8,24,16
net_3,20240110,82,63,22,6,43,66,92,68,79,55,54,96,54,92,4,78,63,62,23,64,78,65,23,84,82,79,23,78,10,33,39,92,67,40,48,72,16,39,70,31,30,31,17,69,75,94,89,4,71,54,77,57,6,60,73,43,33,55,42,92,11,85,37,43,8,80,24,94,73,87,37,56,49,71,56,12,2,75,81,70,37,73,60,7,41,99,0,22,42,84,23,23,68,83,58,75
net_1,20240111,44,4,63,49,11,76,41,12,41,16,99,65,51,61,53,38,76,58,47,61,11,82,57,98,66,22,33,100,99,61,18,98,53,54,90,41,14,79,65,52,83,59,69,6,43,21,47,48,60,14,22,77,3,56,18,93,18,27,8,40,45,95,23,4,48,93,40,44,34,35,9,70,54,74,65,20,51,80,3,83,1,82,4,76,61,9,68,94,27,11,100,7,51,34,94,86
net_1,20240111,63,58,41,75,50,35,76,37,66,29,62,58,100,9,34,69,43,39,79,17,63,70,25,61,44,30,56,51,62,95,14,57,64,24,80,54,50,15,90,3,37,14,60,41,12,0,4,61,46,11,74,73,38,28,28,3,1,18,37,59,4,92,2,83,5,33,9,21,84,22,95,85,13,96,28,6,67,27,62,96,57,37,8,24,85,12,54,34,62,98,82,58,63,70,79,88
net_1,20240111,81,35,78,3,4,1,92,34,23,27,65,4,79,54,2,9,1,91,29,69,40,100,19,25,38,96,36,35,99,92,5,4,81,50,92,85,50,49,2,41,54,65,19,70,27,58,84,86,34,10,88,41,68,57,14,39,90,1,5,28,23,7,81,51,42,99,13,57,88,15,97,93,25,34,68,95,16,20,46,35,4,8,38,23,36,19,62,3,36,65,83,50,98,19,6,73
net_2,20240111,93,65,9,97,35,81,49,25,61,72,4,26,69,82,87,63,56,64,77,67,55,83,27,52,44,27,43,95,85,38,85,99,19,82,5,48,49,100,48,29,41,19,88,80,16,11,71,18,79,50,96,1,22,83,63,6,34,55,44,14,89,64,82,23,86,96,66,63,77,23,93,74,6,74,64,20,73,46,35,49,78,6,29,46,9,22,54,46,40,22,45,68,24,3,82,81
net_2,20240111,31,7,39,79,28,36,75,90,18,63,90,86,29,53,39,80,79,9,99,84,34,17,67,43,67,28,85,29,9,69,38,99,57,1,52,52,69,99,37,44,26,30,10,85,33,15,31,69,68,54,29,86,15,72,79,25,18,76,42,35,86,76,13,95,48,86,76,48,69,21,5,50,22,75,22,10,80,88,73,21,25,88,6,46,29,5,80,33,66,45,7,57,91,4,82,78
net_2,20240111,56,37,76,97,2,68,86,64,71,15,73,27,56,4,63,75,23,1,34,75,22,63,10,5,8,18,37,17,72,74,46,42,94,47,25,42,88,36,48,25,47,9,24,60,11,7,8,73,48,14,30,33,62,98,26,33,62,53,16,75,44,16,41,34,66,33,18,55,84,90,71,22,65,31,15,41,85,78,91,58,71,2,74,37,90,99,63,35,7,28,13,52,4,89,35,95
net_3,20240111,49,20,5,43,25,9,56,88,22,5,9,23,22,14,32,51,95,72,64,31,48,72,15,95,5,19,0,99,27,73,6,59,25,100,28,92,62,64,5,26,42,6,79,32,56,47,87,59,6,49,88,45,47,54,58,0,13,43,8,86,81,5,95,85,8,85,35,3,93,28,45,99,8,10,24,97,86,68,39,89,33,22,96,66,76,84,83,11,12,11,27,48,22,43,65,34
net_3,20240111,17,33,76,17,48,37,53,83,19,5,10,43,85,93,79,92,84,64,37,6,86,7,9,68,66,89,90,24,8,13,84,41,63,62,12,88,42,86,0,15,96,22,54,71,88,40,80,28,68,30,94,34,16,35,55,75,95,68,80,84,89,45,28,57,36,58,99,54,91,19,30,58,78,1,35,57,58,38,82,99,55,93,70,25,31,99,28,84,23,55,97,0,61,46,40,51
net_3,20240111,58,27,33,76,30,80,76,68,1,71,53,48,81,27,93,69,41,98,78,11,73,5,63,37,51,88,79,64,97,83,42,56,39,95,77,85,1,5,74,94,66,46,10,92,64,18,4,30,66,78,34,86,27,61,95,1,69,22,90,40,93,90,84,19,3,55,91,15,40,10,2,45,56,42,31,86,53,75,28,44,43,29,32,8,41,31,39,35,48,25,12,7,10,88,84,76
net_1,20240112,52,12,25,73,17,48,6,97,53,37,99,94,27,82,93,51,9,13,7,77,24,50,59,64,95,37,78,6,0,25,16,88,63,9,29,10,25,52,18,67,52,97,50,89,90,1,62,57,53,13,69,94,4,4,46,89,13,8,41,78,53,85,61,57,59,90,31,1,72,87,91,74,8,82,10,37,35,49,99,61,72,42,25,29,33,54,94,68,98,34,59,69,94,70,63,35
net_1,20240112,92,76,100,41,57,80,21,71,7,33,9,46,88,37,85,27,24,84,76,84,9,22,92,69,38,69,54,39,88,48,57,87,94,69,29,2,26,4,56,45,33,76,35,12,34,56,51,14,76,43,39,64,99,54,5,2,43,50,51,4,59,77,32,54,40,22,34,25,3,5,18,75,22,62,40,64,7,14,51,72,61,51,100,39,44,97,63,29,65,66,98,63,63,94,62,96
net_1,20240112,49,35,35,74,71,46,70,69,75,96,79,48,72,90,11,34,8,31,94,54,29,17,16,62,22,21,28,60,65,61,57,50,98,16,3,48,59,0,83,83,79,95,23,12,16,96,27,15,86,18,21,40,22,3,49,43,42,61,68,31,40,53,14,99,67,76,37,69,76,98,0,94,73,4,58,29,42,8,24,48,86,90,44,96,50,64,50,91,27,83,20,11,59,79,77,32
net_2,20240112,9,20,78,57,80,41,25,11,77,5,77,63,37,53,76,53,44,62,8,44,6,61,16,43,77,87,39,94,92,63,51,53,51,80,31,8,17,86,65,28,5,29,93,93,75,80,20,13,51,81,27,94,56,99,97,65,27,23,100,98,3,51,14,40,23,42,44,12,84,93,38,29,89,81,28,51,78,56,63,41,19,94,9,27,27,17,94,56,65,16,22,44,84,65,97,54
net_2,20240112,88,90,31,88,8,90,33,64,38,27,21,78,37,86,42,37,54,21,11,98,44,94,61,3,91,71,94,49,92,56,42,43,38,15,23,27,44,94,41,21,77,86,93,62,34,69,74,11,91,80,3,53,20,97,94,90,82,69,14,3,69,73,97,0,62,3,71,98,100,4,58,66,7,65,77,64,21,16,62,13,85,86,50,56,90,17,66,9,49,10,28,58,82,45,12,54
net_2,20240112,1,54,72,54,56,85,69,94,63,33,67,40,85,29,19,3,42,1,13,43,37,57,39,9,81,26,100,55,62,33,92,7,5,91,84,52,70,7,80,68,63,30,17,25,82,12,77,53,98,18,80,89,72,87,70,0,88,57,4,58,3,61,56,23,21,15,25,70,85,91,53,22,30,46,34,79,57,37,36,6,1,49,81,57,7,38,2,20,33,86,70,91,31,65,98,15
net_3,20240112,16,55,12,55,54,77,81,71,56,18,25,13,85,4,51,81,100,96,14,30,50,79,100,87,89,67,7,7,34,94,66,47,65,42,43,5,26,13,51,35,75,23,31,64,72,64,71,6,90,46,28,21,58,87,29,82,47,68,78,91,77,1,4,25,15,40,100,44,24,86,41,31,7,93,81,41,24,14,58,40,21,26,99,45,4,43,94,48,43,11,81,55,10,78,87,87
net_3,20240112,83,19,99,81,48,12,53,49,65,23,6,85,43,78,95,46,74,40,84,91,20,73,43,52,53,57,40,90,69,73,61,68,8,29,34,48,9,35,95,98,50,7,41,45,47,29,17,26,42,88,66,99,69,17,83,54,14,69,100,96,14,14,35,23,12,74,53,92,69,60,63,15,67,20,69,34,0,26,99,74,81,4,92,76,9,47,81,8,55,22,28,78,4,78,37,52
net_3,20240112,90,12,51,28,66,28,19,86,49,92,7,89,60,51,84,71,96,24,40,57,88,16,74,88,47,13,58,6,60,94,39,88,57,61,69,11,1,65,49,1,15,6,27,38,24,70,77,19,42,66,100,37,20,81,18,85,79,75,17,26,6,17,85,45,88,54,54,32,52,37,84,3,26,86,0,44,10,36,86,7,9,65,96,97,78,50,47,68,14,33,36,74,60,36,40,12
net_1,20240113,19,48,66,32,38,88,44,29,71,91,33,65,21,6,23,98,56,28,78,24,89,36,9,97,27,50,21,68,37,9,34,61,84,12,92,45,59,76,96,98,54,46,66,1,75,93,80,26,35,66,33,100,59,49,84,57,24,25,69,59,37,69,86,86,47,3,55,98,74,89,19,51,25,12,25,93,27,30,4,31,61,52,6,1,75,10,33,9,8,55,68,6,6,98,24,43
net_1,20240113,83,21,72,97,59,49,78,70,45,63,98,41,44,62,11,49,99,19,26,63,18,98,100,4,50,35,26,6,41,48,16,80,83,97,41,98,22,71,52,13,63,97,77,5,33,28,82,95,58,45,48,60,81,49,30,86,69,43,1,97,45,62,28,9,42,75,53,9,51,13,9,45,64,66,41,85,56,14,35,23,8,21,33,8,2,45,25,40,36,27,52,49,54,92,99,29
net_1,20240113,49,0,88,5,9,54,37,18,50,41,39,32,87,45,68,53,0,28,64,72,2,46,99,29,21,3,62,72,1,93,54,8,36,28,39,35,82,54,58,50,23,56,10,29,70,12,28,63,17,94,86,27,71,72,67,37,32,4,34,47,77,4,11,48,51,25,76,76,2,77,53,91,96,34,25,35,74,94,9,75,13,76,46,43,90,44,99,50,80,98,53,34,25,58,74,69
net_2,20240113,77,93,58,26,40,39,86,52,63,48,79,61,76,98,95,15,11,46,96,23,20,30,40,44,75,29,82,49,78,43,80,3,27,70,13,19,31,37,54,99,80,62,47,21,52,61,16,4,92,30,28,99,13,56,39,24,45,20,77,12,53,87,16,39,16,43,60,25,22,3,99,24,73,92,61,85,45,53,64,87,63,24,35,93,39,59,45,44,30,3,34,81,29,80,60,93
net_2,20240113,20,75,22,43,100,2,39,72,91,94,33,74,15,22,25,100,81,98,100,75,55,38,5,2,32,92,37,4,84,87,95,57,3,37,61,68,55,25,65,7,17,60,67,63,57,41,68,75,71,53,96,100,56,71,25,83,79,79,54,3,40,21,7,83,10,69,5,51,36,15,1,59,11,79,55,67,92,20,95,28,2,67,93,51,2,43,47,30,100,76,75,100,77,55,89,41
net_2,20240113,25,29,56,18,23,2,84,69,54,80,99,24,66,69,8,85,13,72,38,60,98,89,3,67,83,21,65,100,63,85,14,25,68,81,98,13,15,43,18,76,11,27,22,46,96,70,53,17,72,17,56,23,11,81,100,96,23,7,23,82,19,72,51,41,61,3,41,35,50,10,97,12,77,26,25,10,64,69,42,88,62,48,86,34,74,53,73,83,8,14,12,18,41,4,58,16
net_3,20240113,58,12,66,15,59,46,27,49,66,59,31,76,1,40,36,44,96,12,25,22,60,97,18,29,78,85,77,50,40,24,88,27,96,3,88,19,70,34,52,63,55,49,77,19,52,31,11,5,93,63,21,29,32,78,59,63,11,85,98,90,82,53,36,71,47,32,33,48,59,8,87,81,96,88,44,2,33,22,79,38,23,60,80,24,2,70,72,37,88,49,29,93,78,85,95,78
net_3,20240113,19,38,58,100,24,60,71,51,11,28,35,26,48,75,87,24,31,75,52,30,57,1,76,92,9,62,100,97,96,84,6,0,59,33,15,76,82,83,49,54,45,51,77,39,72,73,51,97,7,68,23,51,82,16,32,43,98,90,11,70,97,73,41,92,86,9,45,25,30,60,60,22,13,78,73,62,65,49,37,74,58,57,91,62,79,68,64,71,16,100,48,81,49,58,89,84
net_3,20240113,16,21,8,66,86,29,60,97,6,26,61,11,64,82,3,57,92,6,40,77,46,42,63,32,39,49,39,12,18,15,85,2,16,23,35,0,83,90,60,10,96,98,47,76,94,83,38,60,72,7,99,49,1,22,53,59,96,4,73,69,7,74,91,90,55,63,74,76,100,14,88,22,99,93,32,7,68,30,59,29,91,17,86,52,71,63,48,34,7,8,79,58,93,25,58,90
net_1,20240114,89,34,85,96,13,51,66,100,48,81,84,55,45,31,41,51,22,57,26,0,54,13,3,36,7,17,67,36,95,5,10,50,78,39,62,14,77,39,63,6,14,40,61,50,100,85,72,55,95,7,65,2,96,41,23,77,25,99,81,49,54,92,99,12,86,14,45,61,68,5,2,24,78,35,93,42,68,19,76,97,39,58,8,90,95,83,93,54,80,20,22,61,53,87,70,10
net_1,20240114,24,72,95,12,77,5,30,45,70,10,95,18,21,64,92,63,52,79,47,100,35,1,14,66,5,14,34,10,36,87,24,45,78,29,42,16,4,77,52,46,46,18,26,0,3,28,11,96,60,14,2,51,50,89,55,42,22,7,78,9,1,97,49,20,12,90,92,92,56,67,45,64,12,6,31,56,41,42,25,17,10,76,82,34,100,33,19,18,5,86,4,54,67,83,54,20
net_1,20240114,69,15,58,76,79,39,53,69,23,67,7,92,59,91,12,13,26,12,8,59,81,29,1,6,32,7,97,65,81,94,86,87,33,95,78,2,41,85,16,85,68,53,51,22,57,51,16,16,42,12,86,46,10,57,82,89,8,14,29,50,1,53,34,20,34,91,19,85,51,15,14,53,7,72,65,93,61,0,23,43,22,45,41,38,55,97,98,77,0,77,9,31,11,73,46,81
net_2,20240114,71,52,26,94,79,96,94,70,20,3,52,95,57,74,85,35,20,20,35,45,63,33,12,75,61,97,36,68,29,80,41,57,44,79,6,44,94,47,23,40,12,85,44,97,65,79,88,84,87,6,38,16,95,71,62,67,97,77,24,46,85,13,16,61,64,75,85,74,57,60,15,69,42,22,77,68,88,17,19,26,98,15,77,0,44,2,88,79,87,40,3,13,56,46,2,49
net_2,20240114,86,33,22,74,51,81,44,0,26,41,78,73,50,72,51,47,50,98,97,73,47,98,87,26,32,58,42,60,2,61,31,43,63,54,20,92,83,68,28,49,98,74,9,59,71,43,64,88,76,39,52,8,73,57,63,42,15,56,26,5,24,32,84,83,35,38,90,21,84,99,11,29,24,87,11,83,92,31,21,21,37,59,73,98,7,77,61,52,46,41,94,70,89,0,21,12
net_2,20240114,66,30,3,97,44,55,42,2,91,60,52,69,88,43,10,31,54,83,54,23,55,99,11,24,79,58,29,34,16,82,17,68,72,96,61,78,9,79,67,37,96,4,95,29,39,20,83,96,11,17,42,26,26,2,48,69,21,22,51,86,55,56,25,23,32,18,74,34,47,19,73,41,46,37,12,17,88,0,9,76,14,64,99,83,36,65,100,52,18,95,92,7,43,69,54,44
net_3,20240114,81,53,87,47,63,1,100,73,85,27,100,2,42,87,87,75,62,48,29,65,8,97,23,67,31,19,47,25,15,71,91,79,92,73,45,50,75,18,20,16,15,27,98,3,18,41,60,42,51,72,76,30,52,6,29,28,51,79,18,24,16,19,67,100,73,67,25,36,19,6,39,32,12,35,94,13,44,74,83,40,75,13,43,52,42,32,38,95,26,3,9,30,43,52,49,88
net_3,20240114,14,5,14,13,7,78,98,29,61,51,65,56,14,59,19,58,36,89,4,94,90,70,76,95,75,37,4,21,34,48,72,96,41,98,31,42,40,37,92,68,97,86,89,13,18,14,44,33,39,38,78,52,19,10,13,4,21,64,27,35,39,57,3,71,20,91,55,59,8,13,47,85,77,90,56,57,63,13,83,95,45,24,41,89,5,50,77,45,18,29,39,7,87,24,54,35
net_3,20240114,13,68,60,72,42,65,99,10,34,68,90,50,53,89,0,87,0,55,71,67,27,97,81,95,0,88,45,91,100,59,2,55,77,86,3,80,43,14,2,31,48,51,38,11,37,78,64,67,97,60,34,8,80,31,40,13,58,26,57,76,41,35,35,91,41,19,53,56,83,76,86,87,31,26,66,95,19,25,11,14,64,46,79,1,25,91,65,92,88,63,82,40,2,42,25,53
net_1,20240115,40,91,57,19,63,76,73,0,87,95,42,84,52,3,82,42,22,68,53,69,81,71,96,62,97,74,9,37,22,53,60,80,21,95,79,17,32,51,25,11,67,67,74,38,6,21,87,33,92,67,100,94,8,84,3,85,11,86,68,8,85,96,88,35,59,63,12,9,70,1,66,11,19,54,11,21,14,13,55,32,24,49,51,70,38,33,76,91,54,46,79,30,85,90,72,23
net_1,20240115,95,17,11,31,81,46,74,12,73,3,52,64,18,86,12,70,36,82,81,52,44,18,31,59,59,69,10,51,38,15,22,71,29,73,26,41,50,17,74,52,29,41,99,87,3,22,57,62,10,16,71,64,58,80,95,31,75,78,60,54,86,18,56,33,49,41,8,99,21,4,39,53,47,24,59,57,28,92,75,13,9,55,59,89,74,72,94,63,32,79,82,23,100,93,60,41
net_1,20240115,20,75,77,22,72,90,93,5,31,90,94,5,96,1,80,62,23,15,69,17,91,75,56,30,46,86,17,46,38,84,92,62,99,12,69,28,18,4,63,6,22,76,65,83,37,35,36,40,87,5,85,80,14,14,33,18,35,8,69,13,18,80,100,90,12,12,2,11,24,25,78,97,87,85,87,69,2,90,46,42,87,83,51,38,66,21,43,34,74,0,97,41,39,1,9,71
net_2,20240115,31,36,72,28,8,100,90,19,92,53,67,91,46,21,24,60,41,87,1,18,5,59,89,46,56,3,58,56,45,41,67,44,48,95,12,89,69,17,91,72,38,48,19,18,67,34,34,86,39,32,87,64,58,36,66,49,1,45,25,80,71,54,35,38,26,43,68,47,79,4,80,36,52,52,38,88,83,59,48,67,33,33,25,24,21,11,37,82,68,61,8,35,9,98,74,84
net_2,20240115,80,62,51,65,97,53,28,50,72,62,83,87,59,73,86,94,3,78,33,93,52,32,24,26,18,10,86,74,21,2,47,11,36,99,64,84,65,29,19,47,95,61,32,78,2,99,77,73,19,40,78,13,65,27,67,55,62,32,65,32,74,75,51,66,61,24,2,70,21,95,93,40,96,67,89,46,7,98,84,14,4,43,86,92,99,20,26,33,67,65,5,37,51,74,28,73
net_2,20240115,27,19,32,3,69,68,4,23,67,17,9,61,61,85,68,55,58,8,30,42,22,74,47,96,17,27,68,16,80,56,32,42,57,73,2,51,48,83,74,29,86,85,6,98,7,46,24,14,16,3,28,65,76,99,47,86,43,31,57,94,56,75,45,65,11,36,37,44,2,49,11,18,1,91,39,93,78,54,70,44,22,33,43,56,3,50,10,49,69,63,25,50,78,33,69,65
net_3,20240115,26,35,38,29,39,15,67,15,37,45,34,89,50,4,53,88,59,33,35,63,51,44,42,36,96,89,42,99,57,18,34,43,17,72,56,28,100,40,37,30,77,13,20,33,97,25,9,64,25,7,30,84,82,75,20,43,27,11,65,42,8,87,22,80,36,30,56,48,62,14,32,49,99,2,2,56,86,84,80,9,100,66,74,26,52,91,91,66,44,3,34,35,0,54,25,54
net_3,20240115,88,2,28,46,10,5,71,70,47,62,83,89,0,61,87,70,73,24,98,72,96,32,14,57,0,2,3,59,82,5,13,47,7,74,77,85,93,6,90,32,53,2,33,58,56,45,82,40,30,5,10,46,83,55,2,62,88,2,43,38,72,48,3,69,31,5,69,98,12,92,43,85,96,66,30,17,16,99,83,34,1,39,45,11,71,32,54,4,16,96,18,74,75,95,3,66
net_3,20240115,60,62,57,38,62,36,38,84,97,71,5,35,61,46,68,24,28,4,6,7,11,26,91,36,96,70,97,45,44,97,76,13,36,32,21,12,46,10,99,19,89,85,70,54,4,28,31,78,87,38,90,21,59,35,7,97,21,48,71,87,34,20,50,76,11,34,86,33,0,58,47,38,82,25,78,71,31,2,30,23,93,91,52,11,59,85,92,3,70,62,97,17,0,18,88,85
net_1,20240116,53,72,38,89,24,38,94,70,71,36,33,80,21,13,87,50,90,8,81,47,41,34,92,67,63,41,74,35,13,61,70,71,56,68,34,56,7,93,14,77,64,72,35,9,28,38,27,54,82,2,57,75,51,94,100,15,72,0,79,83,88,42,9,2,96,90,100,41,11,42,44,33,83,47,58,85,12,100,58,78,54,68,12,91,74,65,24,94,88,0,52,66,15,36,25,2
net_1,20240116,4,84,94,51,94,73,1,11,92,68,17,43,49,1,49,63,89,41,81,17,25,7,42,43,33,27,65,25,5,77,77,78,42,76,68,88,93,68,15,57,85,45,47,80,34,61,64,29,28,77,19,80,56,42,73,64,41,2,73,5,29,89,55,47,93,36,41,52,4,69,97,56,70,33,51,40,24,100,76,86,48,22,60,88,21,83,31,0,53,12,14,18,9,95,32,91
net_1,20240116,36,48,80,28,85,27,92,68,57,76,63,39,11,45,88,39,63,15,50,54,34,16,54,42,33,44,70,60,48,53,14,27,81,6,34,41,62,97,29,66,30,11,45,91,91,33,93,57,67,75,3,48,62,94,49,100,99,45,92,33,84,7,11,51,32,41,6,90,70,77,95,53,37,11,21,77,37,59,54,2,75,97,41,13,33,66,16,100,90,71,13,62,54,84,47,95
net_2,20240116,16,54,50,27,94,58,5,18,45,57,15,98,56,6,45,52,87,77,57,83,85,96,95,25,0,45,26,8,87,89,29,8,63,85,33,72,78,13,99,41,18,81,21,43,66,74,33,58,66,16,17,90,30,1,84,8,35,58,46,51,10,80,85,5,80,58,66,35,87,16,17,91,11,28,17,57,0,34,68,5,76,27,37,40,39,37,35,51,57,91,93,25,71,76,35,57
net_2,20240116,23,63,22,16,12,43,2,42,59,38,39,16,49,85,69,14,36,61,68,2,22,60,7,40,87,72,15,17,95,54,92,19,35,11,30,84,48,13,61,65,47,43,27,83,10,51,87,91,86,64,94,4,39,65,16,59,85,48,32,57,49,7,69,4,73,30,85,94,24,98,84,38,30,54,0,68,33,64,58,52,69,24,8,26,12,4,61,54,26,59,8,71,75,11,1,55
net_2,20240116,0,65,8,91,13,84,95,98,6,68,62,1,26,85,31,28,8,34,21,73,45,36,80,18,59,47,71,33,75,8,48,64,48,41,30,48,65,95,9,5,10,68,43,17,62,99,51,69,46,36,65,26,14,61,82,13,78,51,59,98,14,44,51,22,3,63,58,19,5,28,33,72,27,79,93,26,12,51,39,33,51,66,7,7,62,60,65,0,29,32,21,15,71,0,0,37
net_3,20240116,70,25,95,9,30,87,83,44,79,11,0,71,29,88,81,25,72,21,75,91,7,65,14,91,28,26,80,7,52,80,54,73,2,69,60,9,88,9,20,74,3,0,22,29,86,64,35,40,12,6,45,97,48,6,55,66,11,71,35,70,94,31,17,57,24,15,19,39,9,3,60,87,16,25,50,97,31,74,40,23,52,73,48,6,74,93,20,2,98,77,88,53,36,63,35,7
net_3,20240116,35,51,43,6,86,25,56,16,43,29,100,17,63,9,94,1,96,73,31,97,72,15,35,88,80,62,0,24,100,98,27,95,57,84,34,2,81,42,70,7,11,30,98,32,68,18,76,75,80,47,10,80,71,47,87,31,17,1,84,82,96,96,40,89,54,2,69,86,54,25,8,36,58,80,37,37,97,63,80,64,31,69,74,82,12,75,88,4,91,9,74,90,79,36,29,75
net_3,20240116,9,78,33,4,22,67,3,55,36,77,54,96,9,54,14,70,67,31,0,50,33,64,91,71,23,27,1,61,35,83,20,77,20,52,62,35,35,89,76,90,82,19,51,29,38,43,28,4,52,35,15,87,88,0,24,2,25,88,44,66,56,35,9,89,56,35,77,80,92,72,81,37,14,90,85,32,62,18,2,25,4,79,77,22,59,90,62,74,1,55,69,10,80,18,51,3
net_1,20240117,92,50,26,23,15,65,63,95,43,63,54,16,48,6,34,49,69,0,57,66,37,5,21,21,95,12,67,33,95,58,12,87,55,66,26,88,27,57,37,48,81,56,44,55,65,88,88,58,67,85,32,19,83,42,2,51,62,28,39,61,80,42,10,80,66,97,68,75,76,92,14,72,89,79,50,70,9,31,12,35,32,3,37,81,54,43,58,58,79,98,64,86,38,8,48,65
net_1,20240117,49,2,52,71,40,22,48,1,5,57,17,94,28,4,7,44,61,39,54,18,90,98,97,98,97,60,72,34,46,43,66,90,30,97,75,90,36,79,27,21,74,73,31,87,80,98,96,28,72,16,28,78,30,50,75,82,84,80,61,47,67,74,32,25,12,15,73,5,77,73,93,84,50,97,90,45,66,61,60,47,86,84,52,81,6,36,67,46,55,65,23,91,7,45,1,86
net_1,20240117,23,30,3,87,54,72,54,13,56,4,31,84,62,61,30,46,85,71,73,13,6,38,10,2,71,68,10,67,58,51,48,53,73,31,33,59,31,11,33,68,14,24,77,80,70,7,14,61,74,13,21,87,26,8,83,44,100,66,56,45,22,81,14,7,74,73,33,17,48,54,99,96,19,53,59,80,84,87,55,52,70,26,18,26,6,15,82,75,22,35,0,57,62,90,49,42
net_2,20240117,17,95,80,56,80,12,48,100,31,13,84,59,27,83,71,24,59,45,27,27,63,73,99,52,100,15,18,89,53,78,41,23,14,78,61,50,67,18,14,70,70,40,56,75,58,100,99,15,49,72,6,98,25,52,78,9,68,25,10,3,49,9,100,54,55,78,39,79,15,39,23,72,96,20,95,17,89,16,51,58,25,7,88,82,26,57,17,8,9,46,72,22,58,50,57,18
net_2,20240117,2,55,5,65,63,59,43,52,49,20,75,11,97,45,30,43,100,84,76,71,94,64,85,23,14,38,88,92,97,46,59,45,29,70,42,78,51,29,58,51,19,11,66,29,39,78,4,22,3,26,86,61,53,91,46,80,50,1,71,82,58,65,6,94,23,86,39,43,24,3,58,89,15,7,1,94,44,45,42,98,31,100,63,51,96,70,77,38,17,66,23,98,50,16,95,19
net_2,20240117,41,7,28,49,56,57,70,42,93,6,79,67,42,10,58,94,66,73,38,12,72,32,48,28,94,1,90,76,40,77,71,78,2,48,9,48,68,40,93,18,16,29,72,84,83,88,69,3,45,35,14,82,71,83,85,61,66,23,54,87,74,21,89,76,90,10,58,39,10,20,13,95,51,87,36,65,52,21,59,90,18,94,89,26,100,94,75,70,99,33,74,58,43,71,7,17
net_3,20240117,44,12,45,10,35,69,87,47,36,3,73,72,74,79,74,4,55,50,78,94,33,24,37,46,93,25,8,42,64,30,59,49,81,9,82,36,39,98,96,46,71,65,15,74,96,50,56,87,78,44,68,65,91,46,33,87,71,81,59,58,31,14,60,63,94,65,65,41,2,27,63,51,6,74,85,7,2,42,45,100,2,49,96,34,5,2,1,4,90,1,68,63,86,93,67,4
net_3,20240117,63,16,54,77,39,49,37,71,54,38,3,48,35,79,88,22,21,84,31,80,63,65,51,67,42,65,22,45,9,24,75,88,7,33,72,51,83,29,1,10,69,44,12,1,99,91,99,79,17,69,3,32,2,68,63,3,64,32,93,26,67,62,24,46,46,60,65,96,45,95,46,47,88,64,70,64,16,45,69,27,78,80,43,65,34,17,75,14,27,11,75,17,97,15,61,16
net_3,20240117,33,86,18,53,43,59,45,90,33,62,75,32,63,96,20,96,30,96,97,71,72,42,79,25,99,38,88,67,12,50,21,23,50,93,17,70,59,55,42,9,44,89,56,10,10,32,29,97,83,75,72,88,93,2,99,42,33,57,70,59,4,33,41,32,6,71,8,40,83,94,47,25,42,94,13,81,53,65,74,84,12,26,29,30,16,22,64,41,17,100,94,62,68,37,100,55
net_1,20240118,26,6,49,27,85,20,76,90,75,55,11,98,54,20,73,69,46,74,82,29,79,74,93,50,47,11,17,51,48,56,28,38,15,39,52,87,27,86,39,63,60,57,19,4,90,56,16,51,25,89,38,41,36,82,64,88,9,83,10,85,51,58,56,26,73,87,74,75,45,2,56,48,82,12,34,89,96,89,81,84,48,94,45,100,43,36,51,95,25,45,14,95,95,62,34,23
net_1,20240118,48,49,9,14,76,97,93,24,78,55,6,72,53,80,69,57,30,19,67,69,71,46,18,34,25,55,82,26,37,23,9,39,66,92,11,31,83,45,18,21,75,55,30,23,31,6,32,57,88,60,58,45,38,81,63,76,66,61,9,6,94,90,27,38,39,90,75,34,84,7,68,44,84,77,51,97,19,34,89,9,36,3,73,48,38,62,98,52,99,77,98,79,39,85,36,86
net_1,20240118,60,83,92,73,15,58,0,32,84,13,31,50,65,43,48,64,5,44,88,4,11,63,3,84,70,26,26,91,19,79,38,22,5,43,8,79,65,45,22,98,23,76,3,65,4,57,89,16,68,43,70,77,43,21,12,77,39,49,77,32,82,48,22,95,92,33,5,11,100,39,24,7,5,34,42,90,100,47,7,60,98,91,30,60,5,49,93,48,31,70,97,42,34,88,92,42
net_2,20240118,90,80,30,41,74,91,98,92,94,82,90,9,50,27,51,64,0,66,82,33,77,65,7,57,28,93,39,93,19,47,79,34,38,16,10,50,40,46,15,85,50,39,55,27,46,32,91,87,89,11,58,71,55,25,6,77,52,20,0,89,12,63,94,98,58,84,40,22,34,20,73,42,54,0,17,92,74,49,39,78,58,35,89,58,59,2,55,100,5,47,31,34,0,52,1,73
net_2,20240118,0,55,25,84,34,76,63,36,44,22,67,100,98,58,17,100,2,27,21,38,87,1,31,96,83,45,33,74,91,67,34,91,44,14,100,9,37,10,7,30,91,73,62,19,68,14,14,77,42,47,28,27,52,63,25,37,30,30,20,74,78,96,37,14,24,57,76,65,22,68,25,92,70,60,90,46,60,21,75,45,48,36,65,66,30,70,12,3,10,96,12,100,17,42,19,52
net_2,20240118,27,3,49,75,69,71,3,49,10,53,81,99,69,66,72,97,3,89,47,43,85,19,0,21,20,38,41,72,68,79,12,74,49,41,46,36,49,10,21,63,49,99,78,55,88,34,4,2,69,30,34,95,85,60,43,17,71,48,15,63,59,79,98,52,2,62,91,13,97,17,31,51,35,4,98,91,55,60,90,93,25,19,68,73,33,85,39,93,92,23,48,99,51,86,59,100
net_3,20240118,70,67,50,24,73,33,62,54,29,58,41,10,69,59,91,80,18,78,85,14,24,56,46,7,33,29,59,82,91,33,61,48,5,95,82,95,99,72,40,71,74,18,87,77,94,28,52,41,8,83,81,41,75,65,7,3,65,35,68,61,94,44,53,66,83,67,12,24,42,26,77,36,65,14,61,42,51,8,98,84,80,79,45,14,56,72,79,73,12,2,12,69,49,38,79,59
net_3,20240118,40,32,56,51,72,38,80,44,9,2,25,26,92,96,94,11,12,97,77,85,10,10,19,84,2,94,98,47,44,21,87,8,0,63,95,30,94,17,72,14,29,19,23,55,44,58,96,38,21,52,26,9,89,69,48,76,74,35,97,2,32,38,66,0,82,18,9,62,3,100,9,1,52,34,49,84,82,22,25,29,100,94,61,92,26,8,7,18,58,84,42,35,50,67,3,79
net_3,20240118,91,6,31,86,92,3,12,29,4,89,96,2,9,68,14,40,38,96,17,58,25,8,1,14,74,63,7,79,17,64,68,60,99,2,45,16,28,58,14,51,72,17,32,12,85,97,64,98,71,55,65,81,3,92,49,79,89,44,68,12,93,19,17,47,73,27,81,65,35,74,15,91,92,98,71,24,84,10,21,7,59,32,64,38,0,77,62,54,11,8,94,45,39,36,26,20
net_1,20240119,65,34,24,28,51,75,19,75,24,28,16,34,97,31,50,55,17,30,17,39,47,2,9,24,6,51,10,91,82,7,46,25,39,32,57,10,72,88,84,7,6,25,18,58,14,78,90,15,81,61,73,31,83,13,32,81,4,83,2,52,100,75,97,13,65,49,20,62,34,15,38,83,21,10,47,80,73,60,0,65,1,72,58,45,62,18,91,58,5,33,36,21,6,68,44,46
net_1,20240119,47,93,2,18,90,27,6,88,73,54,0,24,41,65,34,16,10,51,92,35,79,80,84,68,30,10,78,43,66,8,82,41,10,37,70,16,1,22,50,47,0,86,34,99,77,83,13,70,17,68,44,51,77,3,3,66,18,33,9,72,56,0,69,12,5,40,21,42,80,21,65,68,16,17,46,21,29,29,10,41,1,94,97,51,3,4,38,49,79,82,6,96,3,64,95,40
net_1,20240119,56,84,33,99,73,28,80,5,19,55,42,17,39,0,26,91,17,52,17,73,90,6,34,69,64,27,52,12,93,65,84,12,0,97,12,79,74,59,7,66,30,50,86,46,64,98,77,63,54,91,78,80,78,80,95,16,31,89,12,41,86,23,33,94,26,26,44,50,91,65,73,67,64,59,11,100,2,94,17,42,81,63,31,74,3,95,63,44,14,95,40,73,72,82,29,65
net_2,20240119,53,54,67,14,54,99,92,68,42,35,51,13,39,2,40,96,34,7,17,50,66,89,33,46,23,30,97,95,23,82,86,82,18,77,98,39,44,69,23,21,23,89,18,77,31,0,71,1,8,55,24,69,12,81,27,2,91,60,70,76,52,22,67,29,38,49,48,98,25,57,20,86,47,90,9,3,95,57,62,38,55,15,81,14,19,56,48,76,66,91,64,37,7,92,72,45
net_2,20240119,17,73,63,35,60,99,91,60,93,77,70,87,78,12,74,58,26,91,35,23,19,15,40,44,68,12,49,93,49,53,15,12,65,97,68,72,35,73,11,30,46,67,26,64,23,46,15,74,96,12,13,62,33,2,75,64,99,21,34,10,10,39,57,91,60,6,93,56,32,90,39,80,54,29,63,98,34,13,3,8,61,46,62,96,16,54,61,50,19,91,1,70,13,77,53,50
net_2,20240119,58,99,37,34,66,28,26,76,31,81,47,75,84,26,63,52,59,50,43,33,19,89,38,48,34,65,91,27,74,92,33,45,85,79,80,90,37,47,91,25,57,55,4,15,79,54,100,88,9,68,94,75,93,42,15,59,1,11,22,39,96,4,94,64,62,42,17,31,26,26,49,53,67,87,87,27,45,25,15,65,63,47,55,30,45,48,45,58,46,45,25,93,5,44,51,90
net_3,20240119,85,14,1,96,54,21,11,6,13,92,63,85,35,18,42,17,73,5,1,87,14,12,3,50,6,66,98,70,82,4,51,79,57,51,40,1,74,46,61,5,21,92,73,75,56,38,87,66,10,26,14,5,3,55,7,40,16,16,74,71,78,74,43,74,54,58,66,3,15,88,11,74,0,40,33,12,11,10,46,36,62,49,7,34,48,16,58,39,65,48,20,12,31,65,6,33
net_3,20240119,28,34,22,24,39,86,5,71,20,100,93,56,45,19,57,44,55,7,10,98,97,2,17,47,17,50,60,34,76,81,65,71,41,67,9,13,22,45,22,8,44,41,12,92,85,38,47,54,58,1,4,13,4,1,37,12,42,21,77,90,51,97,94,65,59,76,10,66,37,11,34,89,94,97,39,15,59,95,100,93,95,98,67,84,18,20,89,41,16,69,49,32,56,60,7,92
net_3,20240119,61,88,6,48,42,93,93,23,26,68,20,27,75,0,47,98,44,81,17,85,70,93,39,12,48,26,91,82,10,55,31,16,17,56,64,75,9,19,84,72,60,51,39,44,52,82,33,13,81,93,0,47,24,63,42,90,56,5,58,47,38,29,17,74,66,93,73,57,45,89,45,42,97,5,98,48,98,39,93,61,25,33,49,73,25,98,14,32,36,50,54,84,52,45,100,30
net_1,20240120,23,16,27,2,58,94,56,89,28,89,84,79,69,67,15,19,58,88,42,79,24,19,76,28,40,33,42,43,94,71,86,51,79,66,29,3,34,5,26,12,9,26,70,33,60,16,57,56,30,27,98,6,77,57,5,66,98,77,46,84,86,60,91,6,40,30,68,51,9,14,63,62,81,15,42,65,32,76,97,0,87,4,57,18,65,7,63,79,74,70,24,39,58,34,40,40
net_1,20240120,49,90,13,57,39,81,35,35,67,91,89,37,13,64,39,36,42,89,73,93,31,61,81,13,75,64,92,6,11,14,13,97,4,61,1,66,3,15,35,7,50,6,37,47,92,20,2,61,53,21,98,17,74,35,97,72,49,27,93,33,89,41,41,82,70,49,17,88,23,74,56,73,48,87,57,33,86,30,34,35,44,56,35,58,56,97,64,59,73,64,58,15,27,73,18,33
net_1,20240120,10,85,15,59,19,93,59,57,19,2,15,72,93,42,63,81,85,10,66,59,95,32,74,22,84,38,18,31,5,8,0,40,36,44,100,15,82,56,46,85,73,98,13,41,76,46,89,35,66,13,93,55,99,68,66,0,23,78,59,10,25,54,7,55,92,49,46,12,35,82,79,30,80,26,26,28,88,21,80,96,100,6,97,96,66,66,15,35,76,50,28,4,44,87,88,15
net_2,20240120,1,55,31,16,33,71,42,78,70,48,73,14,80,34,83,67,31,26,48,4,33,70,38,51,82,42,93,91,85,42,68,82,9,0,99,22,85,88,61,69,42,93,49,65,80,80,79,91,95,88,13,81,34,30,10,37,83,12,38,95,86,80,98,6,76,69,44,6,34,83,28,92,88,24,20,70,76,86,67,72,75,70,17,76,80,77,93,84,22,10,11,62,77,52,2,58
net_2,20240120,61,37,33,81,78,60,96,3,50,16,64,39,2,86,9,66,7,3,0,92,10,21,99,23,68,8,92,27,99,40,91,36,26,99,55,3,97,74,12,51,43,63,85,92,67,82,31,58,22,8,86,92,35,70,87,41,45,86,74,23,14,36,79,0,21,4,33,74,43,90,40,48,31,93,80,57,51,83,41,59,34,33,37,3,89,45,70,53,15,51,21,20,57,6,51,24
net_2,20240120,15,60,7,0,56,89,4,30,25,64,22,60,38,71,5,48,76,39,2,18,31,73,46,66,72,49,64,72,44,65,61,25,91,64,52,17,15,44,63,68,5,46,19,6,49,47,6,10,30,26,13,92,46,31,8,8,51,5,60,55,70,52,13,94,0,73,3,7,33,77,10,81,40,46,58,7,67,64,92,29,75,36,64,13,97,57,44,15,43,73,13,46,33,45,6,26
net_3,20240120,21,83,24,98,47,0,1,26,56,80,79,66,3,67,37,36,2,30,55,77,92,82,4,95,24,19,56,10,26,49,15,45,8,49,81,85,75,69,98,50,85,78,81,36,43,91,10,47,19,76,74,82,46,18,99,1,22,23,91,53,4,42,85,87,45,7,50,22,4,83,79,90,58,46,46,55,80,3,21,62,81,34,9,0,18,35,66,30,72,45,85,42,43,7,99,14
net_3,20240120,95,13,95,71,65,7,32,68,16,74,77,79,87,77,23,88,49,91,41,3,79,0,95,66,45,37,57,3,42,22,67,89,99,72,65,24,42,14,11,52,61,74,96,29,1,22,86,28,96,16,77,99,54,68,24,72,0,48,70,22,76,93,38,94,4,96,6,59,41,35,21,28,80,41,21,50,46,32,35,96,25,20,43,64,46,67,76,80,48,62,11,20,13,44,33,47
net_3,20240120,55,31,98,89,69,40,8,67,16,52,34,14,80,68,58,7,63,59,33,11,17,24,26,12,56,48,82,84,11,73,22,88,37,97,15,31,99,27,59,25,0,28,64,13,18,31,86,37,92,61,30,65,79,46,91,53,40,70,59,33,81,19,1,68,78,76,55,53,48,49,54,28,92,93,33,0,50,6,23,59,91,58,17,44,98,74,4,35,52,5,15,62,33,39,67,6
net_1,20240121,16,63,3,52,98,25,27,7,3,23,69,30,6,92,67,27,50,15,33,3,87,34,60,80,68,64,36,44,78,7,19,13,85,0,8,99,23,85,28,92,88,3,2,65,86,69,13,46,39,39,57,76,5,93,60,83,8,48,52,58,21,94,77,83,17,52,57,47,35,26,33,14,34,53,34,8,83,52,33,77,22,52,61,44,80,98,83,42,86,95,55,90,100,58,21,84
net_1,20240121,33,79,39,17,18,65,89,80,100,44,86,77,43,47,67,61,3,73,6,41,63,41,43,46,20,15,79,21,72,60,73,80,73,90,90,70,83,50,62,6,91,98,88,33,99,85,84,3,73,88,69,55,37,22,90,59,14,92,52,83,88,35,24,93,92,49,54,6,21,82,43,58,14,30,57,50,43,37,10,77,58,75,91,73,71,69,93,82,92,86,77,86,78,3,26,72
net_1,20240121,41,91,93,5,41,81,8,59,24,14,29,85,91,26,36,1,37,3,85,65,38,56,49,77,27,5,36,56,13,25,1,79,99,31,48,22,4,81,38,50,69,72,14,13,36,43,64,49,93,18,34,20,32,33,22,92,99,52,2,86,8,57,85,56,25,24,2,33,7,75,8,54,44,56,12,98,98,11,40,46,49,90,83,83,31,3,99,65,12,6,39,84,52,12,1,85
net_2,20240121,6,14,44,46,59,91,9,17,30,23,4,79,79,22,87,24,90,93,29,16,86,3,10,56,86,85,49,38,100,76,83,42,89,14,83,60,75,3,73,87,76,17,74,28,85,72,51,27,88,62,22,42,20,98,53,31,96,49,22,93,91,53,34,74,0,64,76,0,98,53,94,78,61,76,55,72,51,72,41,52,97,30,18,46,18,82,36,24,99,20,20,1,67,22,4,27
net_2,20240121,9,65,43,13,84,88,97,86,52,38,80,67,1,11,98,4,92,44,3,15,49,40,68,100,12,47,78,26,56,67,37,1,41,96,91,12,33,12,98,100,79,51,29,74,21,96,47,21,85,11,90,4,24,38,59,14,76,72,15,63,89,33,56,20,37,40,95,11,46,2,0,12,56,60,31,94,91,24,96,28,11,9,87,53,73,15,73,0,23,54,27,83,18,33,68,24
net_2,20240121,90,86,20,10,77,41,4,97,83,88,16,71,89,88,39,72,41,99,85,25,66,85,50,24,9,18,85,49,6,94,78,27,86,96,27,45,23,64,20,90,87,58,54,0,99,85,42,85,59,64,31,53,53,36,31,34,36,59,70,19,80,30,88,28,23,62,51,41,23,10,46,8,94,60,85,80,53,37,43,76,88,55,75,100,82,73,90,24,25,48,6,47,19,82,66,14
net_3,20240121,15,17,32,59,31,41,30,100,61,86,71,89,73,13,91,17,37,51,2,75,32,77,55,11,52,46,67,30,27,31,7,59,65,19,15,32,84,29,70,49,56,69,16,50,70,34,46,100,30,93,9,1,90,99,30,100,14,78,44,9,31,49,59,3,61,97,85,80,17,65,10,53,0,55,59,36,40,39,63,62,67,6,7,63,99,36,24,94,0,14,68,23,87,51,16,45
net_3,20240121,79,75,91,12,75,15,3,79,53,58,41,3,14,77,45,55,13,15,97,33,89,9,2,95,98,17,92,22,48,19,91,62,30,82,15,17,38,51,56,24,47,43,5,54,66,71,41,63,80,98,46,99,88,97,60,48,66,92,33,65,35,2,57,81,23,86,68,90,35,66,69,24,40,16,49,66,82,62,30,75,90,35,23,8,60,31,41,67,62,34,82,30,97,58,70,69
net_3,20240121,35,41,42,85,24,7,73,87,73,27,30,82,83,68,9,62,14,22,57,35,44,55,89,33,34,57,61,39,45,94,54,51,65,91,61,100,9,55,44,7,34,66,9,34,99,67,14,54,0,91,66,3,61,32,70,46,53,29,20,77,31,32,57,4,99,71,73,14,34,60,90,80,33,39,7,46,67,33,68,91,19,99,93,19,49,46,78,23,85,2,3,19,50,69,21,94
net_1,20240122,75,61,38,99,36,32,100,7,34,19,45,21,12,19,88,0,56,23,41,73,29,23,39,88,78,28,64,43,80,22,43,68,67,30,82,57,45,96,98,89,85,60,25,27,82,98,32,24,61,35,45,33,82,15,69,63,48,2,81,38,49,74,91,1,24,74,28,96,42,16,9,94,94,73,39,68,12,32,97,93,31,0,33,80,54,66,79,9,2,38,44,87,27,5,93,91
net_1,20240122,65,76,17,86,16,19,81,0,8,51,96,71,68,90,42,55,22,31,11,89,38,4,49,52,64,46,66,87,97,10,9,62,30,85,60,88,1,61,85,54,75,85,24,38,18,45,98,60,39,65,3,85,6,62,56,7,72,4,40,28,53,69,46,70,44,10,19,19,38,10,37,54,91,52,47,99,26,30,5,100,55,53,58,1,86,99,68,51,74,61,88,14,25,64,19,80
net_1,20240122,26,41,64,57,82,87,39,60,48,56,47,61,56,35,17,98,11,53,31,51,3,11,10,83,66,89,7,56,44,59,51,93,55,34,54,40,6,68,72,31,4,46,76,20,96,76,4,92,67,81,4,86,47,80,17,49,17,73,30,57,25,38,24,44,39,94,27,16,2,57,38,48,22,55,19,37,29,2,73,13,95,51,69,62,27,27,82,78,46,69,80,93,30,2,80,76
net_2,20240122,2,66,89,5,6,77,25,82,77,30,29,10,59,6,77,53,24,80,16,40,33,9,55,0,47,66,60,71,50,36,72,0,44,98,35,55,30,9,50,58,91,73,14,9,2,76,96,53,17,19,87,12,23,36,23,35,1,66,92,5,91,20,14,8,7,61,93,93,63,14,25,34,48,25,31,81,77,43,82,5,64,32,65,70,24,32,88,22,98,71,44,42,9,5,52,90
net_2,20240122,95,5,12,57,22,94,64,53,99,54,85,32,44,5,43,43,78,54,84,80,54,58,30,4,22,52,100,54,73,78,29,33,78,76,76,76,63,44,61,71,33,70,25,22,79,6,78,72,67,91,33,41,54,56,35,9,23,22,36,31,92,12,5,39,38,26,38,12,80,58,46,37,82,85,93,66,74,35,40,1,46,98,8,32,54,56,4,20,11,37,81,87,84,23,87,98
net_2,20240122,78,84,21,46,49,48,95,11,17,80,50,51,17,41,48,90,51,25,68,4,5,13,63,100,70,72,82,60,42,94,33,31,49,1,37,63,37,80,52,3,75,26,3,40,5,76,67,93,86,80,67,82,31,5,51,43,13,74,5,34,87,7,20,49,83,22,43,9,83,44,58,29,25,49,99,3,42,2,57,18,35,82,83,49,7,13,81,7,5,27,58,52,95,90,55,20
net_3,20240122,83,19,24,18,75,57,90,69,30,4,23,86,68,87,92,81,86,98,86,28,75,9,27,1,85,86,94,23,96,42,45,4,68,42,85,51,43,35,39,12,32,64,50,7,10,57,27,19,68,1,30,24,31,77,19,88,81,27,71,97,69,2,36,74,75,36,97,82,47,72,49,6,71,34,80,70,36,17,9,87,34,26,41,32,28,66,55,40,37,55,27,70,38,39,30,78
net_3,20240122,96,41,63,94,88,37,72,91,81,75,31,36,53,37,55,33,44,100,55,95,51,65,18,69,33,71,75,88,20,16,26,74,13,23,12,78,56,45,36,92,16,48,36,62,3,27,91,96,63,19,32,87,6,8,16,11,6,79,82,84,73,10,93,0,67,29,45,90,58,68,8,12,76,86,64,53,73,0,46,4,22,92,40,61,42,73,48,56,100,15,61,83,53,21,5,24
net_3,20240122,30,72,82,78,9,5,69,7,88,37,28,42,100,93,42,80,90,7,41,47,90,75,83,34,27,69,53,70,87,96,1,66,71,41,44,18,97,16,25,56,75,69,16,55,73,40,26,8,90,16,46,72,0,68,29,60,23,91,27,86,29,59,75,95,58,51,22,87,68,16,83,87,36,59,79,25,42,6,26,62,58,1,85,31,32,2,99,46,2,97,96,75,23,62,34,68
net_1,20240123,30,72,67,95,38,77,48,79,84,42,5,6,18,43,52,30,83,13,64,79,9,15,8,25,74,70,2,74,97,88,4,32,38,48,3,4,90,83,19,93,36,33,64,96,40,6,28,51,94,66,94,31,22,14,72,74,99,87,29,100,54,1,15,16,93,30,52,30,44,2,38,35,61,29,89,35,12,9,0,45,83,56,63,63,3,23,26,13,50,11,66,58,90,63,53,99
net_1,20240123,62,94,20,25,61,48,19,22,5,22,95,83,40,61,45,64,55,81,56,92,33,85,77,11,26,90,34,35,21,11,41,10,15,58,36,78,35,52,9,10,8,96,54,38,44,95,5,39,3,20,37,26,85,1,63,2,75,9,40,1,72,64,49,76,48,4,96,99,97,72,72,87,72,54,29,87,33,25,4,97,60,25,81,15,81,70,74,15,42,23,100,56,30,28,96,4
net_1,20240123,23,29,58,90,73,5,10,25,73,58,19,64,57,59,89,26,88,64,91,93,39,21,67,17,92,42,55,17,5,96,59,59,84,80,12,65,14,33,57,91,70,9,5,70,29,72,42,0,88,76,43,62,83,7,54,17,38,38,2,69,80,7,63,34,56,92,15,37,63,70,99,58,54,64,49,40,93,20,67,90,73,28,88,8,73,65,52,18,60,99,13,81,42,44,100,11
net_2,20240123,46,66,14,21,29,80,72,56,38,35,52,8,25,72,68,81,100,68,20,92,92,39,28,100,61,7,13,89,93,22,41,71,0,95,26,16,44,45,51,26,19,81,59,59,43,94,16,32,1,90,76,45,95,7,25,33,24,14,33,82,85,70,7,58,23,71,41,53,73,32,84,47,27,6,72,30,23,14,94,24,10,85,98,5,36,75,14,85,98,89,78,92,47,33,52,31
net_2,20240123,71,30,80,83,64,34,0,3,0,56,9,99,22,8,5,53,52,98,95,30,81,65,81,80,81,38,26,12,70,20,21,63,27,75,44,95,45,30,53,53,29,33,69,41,68,24,84,64,8,2,56,43,85,43,90,8,33,41,13,17,53,74,64,43,44,60,100,97,20,84,45,19,70,8,5,10,13,70,27,1,48,72,7,46,15,20,79,26,51,52,62,35,35,77,2,37
net_2,20240123,13,67,52,29,49,44,58,43,87,55,15,56,17,53,94,2,18,68,31,68,45,19,64,40,91,84,100,29,47,99,72,57,50,90,65,69,1,83,54,60,62,92,85,17,2,70,78,54,82,9,96,25,76,100,48,60,3,10,96,86,35,3,32,25,50,91,80,97,16,48,61,98,50,27,9,24,84,95,15,5,89,44,10,52,70,32,77,19,73,39,41,85,42,74,4,37
net_3,20240123,85,34,3,65,66,89,83,40,42,75,59,2,42,99,62,93,74,49,55,36,79,40,9,20,13,60,47,35,67,77,16,27,74,94,18,87,62,0,11,86,83,3,86,26,1,62,36,67,29,73,42,36,84,27,49,90,43,33,21,50,13,35,33,7,36,5,31,49,45,55,6,31,64,47,94,51,99,47,52,9,12,62,11,23,38,54,89,43,96,62,51,75,55,56,84,7
net_3,20240123,87,81,74,48,40,41,3,85,72,2,35,62,86,30,53,32,56,4,90,54,0,56,23,5,1,81,45,94,26,66,42,14,70,44,86,57,1,94,4,89,36,47,97,33,9,75,82,41,51,30,0,59,11,45,19,58,2,95,74,45,41,81,78,35,57,14,38,78,51,1,92,36,55,91,80,6,99,76,32,29,28,54,29,26,55,31,100,38,26,89,14,97,2,73,72,39
net_3,20240123,60,28,9,66,14,0,49,79,98,82,42,22,74,98,15,46,32,37,10,24,1,5,95,47,94,25,97,63,5,48,5,41,8,68,65,72,87,43,5,6,25,88,41,92,49,1,90,83,0,81,16,73,4,83,80,71,67,95,62,47,87,0,16,74,83,64,0,31,14,86,37,54,22,71,97,42,3,52,39,97,89,4,45,74,51,85,99,85,9,84,38,25,44,14,34,71
net_1,20240124,73,58,76,29,55,26,25,42,21,82,99,86,22,63,15,51,80,63,91,22,38,51,77,83,47,81,61,10,91,100,15,12,94,75,17,42,10,91,54,19,11,62,48,48,20,83,38,52,90,60,17,39,54,43,42,24,21,31,59,78,53,55,19,50,7,41,64,78,70,73,50,77,81,9,19,0,46,59,92,20,46,9,84,49,40,9,67,35,75,24,13,82,44,55,21,88
net_1,20240124,69,40,46,78,77,37,5,79,97,62,70,29,28,43,26,33,37,23,5,89,17,64,77,28,69,6,12,73,9,54,47,25,18,24,47,36,92,64,18,55,6,7,29,60,43,9,19,89,32,17,85,17,22,65,92,75,92,91,50,72,79,90,47,93,78,15,86,45,31,19,58,64,71,9,19,43,77,12,28,9,58,91,70,64,46,54,50,31,25,94,27,70,69,63,33,13
net_1,20240124,42,65,32,24,50,35,80,28,17,9,49,44,49,96,7,81,69,84,47,15,99,69,11,43,84,79,41,61,69,25,23,3,63,90,50,39,0,62,43,59,0,35,77,15,56,4,33,54,81,74,76,13,38,24,35,86,4,30,95,59,29,97,95,62,20,40,11,34,62,85,46,81,44,91,45,55,71,96,82,39,61,64,39,47,52,8,94,4,53,4,27,65,96,5,10,81
net_2,20240124,82,68,13,80,5,66,76,51,12,79,24,15,4,70,8,16,29,55,21,85,7,63,60,9,85,34,68,21,20,67,76,27,73,51,9,82,61,25,10,37,15,28,36,27,93,37,97,100,56,91,48,46,19,25,71,1,5,61,33,86,90,14,4,2,47,10,0,36,20,80,5,63,20,99,98,41,20,61,4,82,70,41,80,50,34,47,19,83,51,80,65,73,23,99,5,33
net_2,20240124,27,27,18,50,58,6,60,26,70,6,71,98,74,7,96,95,19,59,75,47,23,71,20,48,10,95,70,26,18,49,15,3,97,82,73,36,7,89,66,37,66,46,75,66,66,42,91,29,85,24,82,61,18,16,9,85,39,95,43,90,90,34,9,8,95,34,51,35,5,5,31,81,12,67,35,60,14,7,16,61,26,65,98,30,32,40,12,82,35,79,34,41,49,75,30,56
net_2,20240124,53,97,27,93,72,64,54,27,100,57,77,34,33,13,13,33,4,41,62,60,41,15,67,18,51,51,94,98,70,70,68,96,42,67,72,92,5,62,95,53,35,77,2,48,82,34,46,68,51,42,9,27,99,42,46,80,100,96,92,89,62,47,20,61,86,91,2,21,73,48,66,18,37,23,21,91,37,38,93,5,18,99,97,83,66,90,90,63,39,1,55,52,13,53,30,62
net_3,20240124,45,68,81,43,52,89,74,28,7,52,33,46,30,0,77,89,2,78,59,30,40,5,64,64,22,91,81,21,39,39,4,57,50,44,79,83,8,8,95,71,34,59,9,57,77,69,64,8,56,9,94,13,27,85,65,8,16,48,12,67,93,88,96,22,14,89,72,91,98,99,60,0,57,73,40,92,63,100,98,8,27,49,85,78,46,82,58,5,60,100,34,49,8,16,43,94
net_3,20240124,89,27,56,70,23,51,56,93,12,88,20,25,84,56,40,60,0,56,58,36,80,97,84,16,12,58,65,46,0,0,47,30,28,36,9,70,81,34,92,19,33,50,13,56,2,80,3,49,39,91,57,30,66,18,0,19,8,93,85,56,56,97,29,48,88,64,38,24,86,37,88,26,94,2,98,7,49,19,63,20,17,80,69,35,78,58,61,98,30,8,23,50,9,60,86,68
net_3,20240124,56,69,0,20,55,87,76,99,64,7,18,95,23,62,87,45,86,91,60,41,95,84,52,39,96,4,74,61,53,88,7,31,3,47,35,95,62,19,17,47,20,88,26,81,32,28,93,19,38,87,17,76,60,61,39,79,39,71,11,45,80,25,97,22,91,43,73,86,8,39,50,95,99,44,49,55,68,3,40,37,25,8,91,18,78,11,56,31,98,61,65,29,13,14,54,82
net_1,20240125,32,82,27,63,1,62,5,56,21,73,30,65,89,42,15,32,45,70,1,73,93,37,19,70,26,57,52,68,63,55,4,50,10,10,86,24,57,97,52,67,54,19,12,11,45,63,67,82,49,27,49,52,70,19,76,69,69,81,52,8,38,84,60,64,68,80,95,39,58,6,55,25,79,30,36,27,79,17,64,61,31,76,81,77,76,50,31,73,16,26,78,59,44,95,4,17
net_1,20240125,57,9,86,49,51,55,82,47,10,42,26,76,79,71,56,74,17,31,23,16,50,79,52,9,67,18,77,53,54,53,39,95,77,73,1,34,3,84,2,23,92,97,4,33,23,98,1,82,37,15,52,47,82,100,91,0,90,71,87,53,19,55,24,19,37,87,11,98,71,94,81,79,78,3,50,65,31,34,19,13,39,89,42,2,87,19,19,80,82,72,59,91,71,0,40,23
net_1,20240125,18,10,59,91,44,69,69,7,17,47,56,78,17,71,65,58,35,29,76,45,45,89,71,64,82,77,37,24,81,42,85,34,25,58,39,5,47,86,66,62,65,8,15,22,58,37,57,30,49,82,36,12,21,60,8,64,67,39,50,47,55,88,15,21,77,79,26,89,3,60,24,23,83,82,95,69,68,94,41,85,20,83,64,85,13,2,64,38,46,5,100,62,78,13,37,11
net_2,20240125,29,23,51,1,71,98,81,18,32,10,37,49,43,92,77,79,59,47,57,87,89,6,61,39,87,20,14,81,86,37,38,72,28,96,37,3,100,47,72,24,50,12,11,23,84,64,48,98,62,41,3,21,29,35,33,64,98,64,74,6,8,56,11,2,2,81,30,33,32,19,64,94,15,80,71,5,35,63,90,47,97,21,82,78,87,34,82,71,41,31,84,44,100,93,51,15
net_2,20240125,32,56,27,9,56,95,94,23,22,64,87,68,74,47,89,80,90,67,24,24,67,81,37,49,5,81,14,21,59,87,37,48,83,15,9,61,21,93,40,38,24,50,1,32,74,31,68,68,17,89,90,9,16,54,52,85,85,18,87,35,76,85,10,16,62,79,9,23,78,61,74,18,37,44,18,68,89,7,80,28,58,18,31,56,93,6,98,51,55,5,17,40,83,30,30,6
net_2,20240125,84,87,56,67,85,79,31,47,35,48,99,34,68,97,53,37,10,42,0,70,14,79,83,32,2,96,100,78,1,20,49,7,24,46,1,12,18,79,40,58,90,2,75,21,69,90,27,36,14,12,84,74,39,59,33,76,51,7,22,51,47,84,77,41,49,51,50,2,54,4,48,33,8,50,36,91,16,32,11,63,44,84,66,89,55,56,29,20,4,81,85,96,71,26,92,46
net_3,20240125,80,14,42,34,54,20,25,35,63,76,91,88,22,46,28,33,48,97,51,31,95,23,4,14,77,53,32,37,62,44,41,33,25,4,20,47,16,18,40,69,62,59,98,86,86,62,75,60,67,97,3,31,46,70,18,23,14,94,54,49,80,84,38,45,45,62,13,79,86,5,81,7,4,15,18,54,98,68,58,14,73,30,56,0,56,37,55,8,26,87,14,65,14,44,47,47
net_3,20240125,59,26,34,66,73,7,87,42,57,62,96,37,62,61,98,13,42,4,21,33,88,22,95,19,68,49,77,8,60,34,34,99,4,45,35,75,98,71,26,26,15,90,57,25,58,68,0,52,95,100,29,56,44,6,47,34,78,34,16,15,12,48,80,11,1,1,20,99,42,88,15,18,4,2,42,23,15,34,18,20,2,27,77,39,48,93,51,30,73,84,25,86,83,85,90,57
net_3,20240125,39,61,28,69,0,12,65,35,16,94,85,83,27,15,19,88,91,30,77,10,30,91,28,99,74,69,46,46,53,11,57,79,90,81,77,21,24,18,4,55,58,21,19,59,89,67,75,28,22,18,49,71,14,95,4,83,74,2,48,28,22,6,38,86,99,62,91,94,54,83,80,82,83,81,77,23,64,9,94,72,45,61,44,5,37,69,81,85,58,52,61,44,18,52,36,93
net_1,20240126,46,47,8,5,75,46,84,88,14,4,92,16,86,26,84,79,86,7,78,27,92,84,95,58,90,1,50,65,7,11,28,92,19,59,62,4,75,82,40,71,92,24,93,100,8,81,29,30,72,25,76,59,37,83,81,39,75,21,68,44,86,75,60,77,39,86,15,42,42,26,4,26,15,1,36,96,66,7,45,90,60,15,66,72,63,90,75,60,67,18,14,51,25,7,14,37
net_1,20240126,54,51,27,95,31,91,43,57,23,13,99,100,60,19,32,93,54,26,4,95,67,63,29,14,51,37,3,66,56,72,94,85,29,26,76,48,78,84,56,40,11,23,38,100,22,67,33,28,80,43,1,30,37,41,3,29,39,40,11,45,96,29,54,95,16,69,18,96,92,35,26,99,99,90,1,5,81,21,62,43,5,48,40,99,39,10,79,70,80,62,98,10,82,3,98,41
net_1,20240126,67,5,67,65,76,33,4,57,28,89,91,49,38,54,32,68,72,7,82,28,5,78,40,13,95,66,19,71,89,94,49,41,59,18,9,92,28,78,45,66,92,25,80,26,94,85,91,20,0,85,7,100,22,32,47,76,14,73,45,5,74,28,74,52,57,76,16,27,56,48,75,94,98,29,52,43,60,93,61,61,57,31,94,94,27,24,99,12,70,37,65,42,85,15,88,72
net_2,20240126,77,45,55,83,6,58,24,67,29,83,15,44,14,64,51,66,38,51,9,1,5,7,48,32,63,20,41,7,78,12,33,23,1,73,23,74,42,19,44,11,19,60,13,95,58,88,39,41,21,34,60,6,10,66,4,45,28,36,22,23,46,56,59,86,23,97,93,9,91,90,59,100,14,42,52,22,40,97,44,36,88,97,62,38,0,20,60,13,66,89,20,24,78,43,88,81
net_2,20240126,77,16,78,45,61,61,29,49,23,40,95,88,53,1,11,7,8,25,56,89,49,21,48,46,85,51,11,4,98,81,77,78,80,94,35,27,87,13,40,75,59,2,5,100,38,61,53,77,78,1,22,36,15,99,69,6,81,11,84,5,68,98,81,50,8,95,7,17,30,41,87,92,49,67,30,36,5,83,99,72,66,40,45,4,81,23,94,39,36,98,70,36,11,22,71,76
net_2,20240126,86,24,46,36,93,38,41,52,57,61,20,50,98,48,16,31,63,29,7,20,11,58,14,16,73,71,84,17,80,60,29,62,6,90,60,25,7,91,92,90,49,34,61,1,9,67,70,33,100,100,67,0,24,2,27,14,34,46,3,3,76,15,32,58,72,43,57,69,18,70,63,86,48,47,58,100,72,68,52,48,62,14,18,58,47,86,18,4,89,77,47,44,29,95,85,70
net_3,20240126,24,77,66,53,22,75,7,34,84,91,98,1,52,100,78,81,90,55,56,89,39,96,13,31,21,84,81,30,37,69,92,94,48,22,70,81,55,2,1,85,37,59,56,19,20,50,57,78,44,83,77,17,44,79,4,49,35,29,35,88,38,10,71,88,47,70,76,35,77,88,34,63,81,59,40,75,85,57,4,41,10,35,14,98,6,92,38,86,87,87,80,29,24,0,20,86
net_3,20240126,48,77,68,9,2,33,37,12,99,78,24,91,70,86,62,28,2,48,75,19,67,28,56,14,67,63,9,27,41,68,63,51,42,66,41,9,25,2,26,99,4,26,53,26,92,43,24,93,14,37,60,36,10,41,93,18,86,3,94,87,76,34,21,6,68,71,40,28,20,65,16,54,76,99,79,62,50,58,19,41,48,78,91,35,74,59,78,43,83,8,18,67,86,56,25,11
net_3,20240126,16,0,24,12,17,23,46,99,68,52,5,8,48,25,83,25,99,25,30,38,100,25,32,82,40,91,95,50,22,94,56,17,0,77,35,82,44,56,83,42,64,94,20,37,37,14,44,0,17,21,57,18,14,17,87,79,97,100,56,23,88,30,15,25,1,84,93,54,34,93,86,2,97,51,52,82,26,31,100,34,0,18,48,70,79,71,1,48,77,30,6,62,50,79,34,40
net_1,20240127,74,11,39,69,1,83,54,38,36,51,81,17,74,3,13,61,57,90,91,6,18,48,70,72,68,70,45,26,8,2,40,50,61,63,91,28,85,40,52,35,65,36,10,5,48,100,10,43,91,98,29,9,43,33,99,60,26,67,24,56,90,95,73,58,4,55,82,58,33,77,13,43,39,37,91,7,98,31,99,47,24,22,66,51,77,19,48,64,83,54,54,14,24,52,82,74
net_1,20240127,96,85,1,35,76,7,43,45,87,81,58,68,7,90,29,79,21,51,25,78,47,52,88,65,53,84,66,29,91,23,61,45,83,43,85,7,69,60,30,73,7,32,30,23,93,67,32,82,79,64,21,36,63,51,39,91,48,24,24,99,2,25,44,5,75,21,14,23,27,23,61,43,15,95,10,66,46,72,12,97,31,24,33,47,96,46,66,97,62,33,76,6,94,28,20,82
net_1,20240127,50,94,42,2,21,100,77,29,27,51,48,38,60,38,83,56,38,12,85,87,46,79,22,57,85,69,68,64,88,15,20,86,38,39,91,10,14,6,90,56,55,66,98,92,27,94,94,60,24,54,24,77,99,96,95,72,79,51,75,26,74,36,18,92,85,81,13,12,73,49,5,17,19,79,19,16,45,82,80,0,72,96,31,22,43,31,26,16,69,36,22,1,94,81,34,72
net_2,20240127,15,26,20,92,28,79,100,60,55,37,91,73,65,18,13,81,1,31,56,52,90,6,28,4,84,61,77,19,17,8,26,57,5,78,5,12,3,49,53,52,64,1,73,32,92,44,13,84,58,95,29,24,59,49,1,37,1,24,31,67,89,93,48,83,3,31,85,39,89,77,88,25,93,31,99,71,86,4,4,8,22,100,75,0,59,84,27,35,3,73,32,61,64,62,33,62
net_2,20240127,28,85,50,83,45,9,9,99,91,83,9,17,61,50,45,16,92,29,13,11,31,85,60,2,96,38,14,78,10,82,39,10,30,36,64,93,37,63,96,33,75,51,45,90,10,61,24,84,26,91,57,86,99,39,41,14,56,76,20,29,73,15,34,4,100,47,64,45,100,78,52,31,90,94,83,83,93,55,99,90,6,54,20,28,3,42,93,3,52,91,54,18,6,16,51,86
net_2,20240127,100,54,100,7,78,46,16,1,40,28,2,10,91,81,89,88,96,61,67,4,87,50,96,86,1,64,81,44,32,82,11,7,48,19,90,17,24,38,36,33,71,64,4,55,0,83,90,3,3,19,88,52,46,17,61,50,8,35,10,4,23,31,3,53,31,50,100,44,66,14,92,44,21,34,39,33,76,78,82,57,80,44,33,67,1,62,99,46,59,37,11,9,7,24,29,68
net_3,20240127,79,70,90,56,95,73,67,54,31,39,98,66,78,55,10,1,62,47,80,72,71,21,50,72,37,16,8,20,20,31,56,4,49,81,85,36,45,23,82,49,50,92,45,0,36,98,92,82,6,53,88,3,52,25,34,4,57,72,72,63,23,67,60,50,65,29,28,16,49,92,2,66,72,39,30,16,98,33,99,36,23,88,39,49,91,16,24,12,22,2,43,78,2,73,14,10
net_3,20240127,91,97,75,67,4,8,95,17,4,35,0,69,80,68,97,76,33,17,75,59,55,99,85,57,2,52,89,29,25,67,14,15,73,89,60,91,69,31,37,20,38,41,63,62,45,78,70,72,43,37,74,75,67,52,62,14,35,36,6,45,8,54,19,63,39,64,47,30,46,73,98,25,93,79,16,47,93,22,9,88,98,38,44,52,83,30,100,52,75,48,75,16,78,35,52,68
net_3,20240127,23,70,50,44,83,15,95,31,84,50,72,75,34,27,96,34,30,98,83,86,74,6,51,27,76,63,82,54,81,77,63,4,66,46,66,30,77,41,90,99,86,10,60,75,94,13,83,6,95,89,7,59,88,30,98,94,10,76,55,53,33,33,49,95,2,6,81,99,61,79,48,70,27,68,65,5,39,40,86,83,33,20,98,89,15,83,15,49,73,39,16,96,77,58,75,70
net_1,20240128,15,15,77,23,68,8,3,32,76,12,24,83,48,10,31,66,49,52,87,89,42,16,98,8,63,28,36,92,33,99,28,21,28,2,3,9,17,38,4,69,7,100,7,47,74,60,41,5,18,68,67,15,18,67,74,8,58,94,83,60,79,9,25,93,86,5,19,50,81,96,54,89,10,52,26,82,72,86,35,24,20,31,2,84,14,23,22,64,45,44,99,48,66,82,98,29
net_1,20240128,9,42,91,85,50,58,29,2,1,45,19,34,37,19,92,5,89,83,21,66,94,48,95,76,40,81,1,41,39,58,71,20,88,95,45,46,96,51,72,64,39,43,25,77,47,19,5,75,89,83,76,21,31,37,71,71,67,73,80,16,62,42,90,37,78,35,9,55,99,43,68,35,91,88,27,10,72,89,39,39,51,28,88,64,34,100,95,78,94,90,87,10,26,8,90,70
net_1,20240128,36,32,51,4,54,81,65,36,20,37,96,52,57,96,73,78,47,23,66,52,45,63,83,12,65,11,48,30,50,21,66,78,3,78,27,43,2,99,46,96,85,77,76,97,5,59,97,15,37,82,1,13,14,62,61,27,67,36,42,55,72,71,47,21,38,28,68,15,88,57,22,16,32,99,68,43,99,63,80,78,21,22,3,31,42,76,57,10,64,75,11,77,73,75,36,13
net_2,20240128,3,1,60,60,40,31,81,81,27,95,27,26,20,17,66,0,57,74,1,66,98,62,50,78,34,39,97,71,61,98,95,4,18,9,13,56,39,99,90,46,51,9,98,47,93,92,21,20,43,5,61,26,26,12,43,93,11,62,34,43,10,15,41,80,99,26,100,63,13,52,3,43,84,99,78,49,34,28,54,22,72,28,94,88,60,34,6,58,20,70,22,84,66,52,20,25
net_2,20240128,84,11,89,25,30,48,15,53,16,70,26,13,25,3,83,27,31,2,35,3,87,52,17,79,79,29,1,73,67,97,64,64,16,62,86,0,92,51,27,32,43,17,78,83,38,35,53,99,5,3,23,72,43,24,8,11,37,36,76,21,1,81,86,40,75,62,98,99,41,33,17,13,37,13,27,90,7,99,5,88,78,51,74,17,29,20,85,15,74,26,10,89,60,20,82,61
net_2,20240128,96,35,100,89,6,22,91,44,80,69,98,9,24,84,5,95,29,75,36,43,15,79,17,40,92,98,25,63,96,84,48,44,84,63,47,21,99,0,49,74,28,100,99,15,14,57,69,43,33,1,76,4,35,71,14,78,65,1,53,53,25,78,50,68,42,49,96,31,3,6,9,84,10,47,69,94,5,100,88,64,44,30,62,8,98,38,98,93,50,57,95,89,18,15,80,20
net_3,20240128,61,9,44,26,79,35,22,27,70,25,65,67,22,60,65,97,74,25,97,68,96,50,20,23,10,11,49,70,61,53,44,22,82,93,9,62,19,1,68,10,98,97,43,36,70,41,86,10,23,13,55,65,24,95,66,17,66,80,76,44,44,78,59,92,48,100,2,74,24,98,4,11,32,45,0,22,79,27,92,62,66,98,81,17,73,50,95,10,65,35,27,52,12,23,62,24
net_3,20240128,81,79,38,70,39,68,0,68,24,70,97,54,55,19,27,85,98,32,25,86,17,70,56,100,70,64,60,53,88,14,92,2,78,18,26,47,27,88,23,48,55,85,16,83,13,68,87,99,31,86,29,42,77,48,14,50,9,46,47,87,74,66,62,99,30,30,39,74,12,58,12,92,58,96,70,1,39,40,48,92,84,15,60,95,0,94,94,87,56,37,82,94,48,47,8,24
net_3,20240128,43,46,61,93,1,9,50,99,61,71,38,11,61,7,71,72,67,86,47,8,36,69,75,3,38,2,54,72,34,6,11,52,10,26,31,25,6,18,36,72,34,54,57,62,60,20,41,96,11,2,0,86,62,50,52,100,66,58,94,43,16,39,22,61,48,99,57,54,17,15,70,0,82,15,3,80,48,16,12,40,90,68,3,94,67,40,35,32,79,21,77,61,17,50,13,42
net_1,20240129,65,18,79,74,37,85,77,72,59,83,68,36,35,87,52,35,46,44,99,72,53,70,85,67,77,57,0,34,15,82,54,19,74,33,0,7,88,59,20,23,23,75,59,89,94,21,34,42,87,34,4,30,52,75,44,46,19,21,53,73,81,62,72,65,86,97,53,2,8,59,96,43,94,21,47,54,92,31,97,61,66,100,99,80,36,17,37,28,36,76,3,32,80,77,31,75
net_1,20240129,46,54,20,29,82,43,98,73,41,89,84,9,51,77,10,54,64,72,64,10,59,27,14,18,54,40,47,80,80,15,56,5,34,98,21,22,44,92,56,68,76,60,72,99,70,35,7,38,30,55,21,2,14,5,70,27,62,19,25,65,9,36,94,72,30,93,79,49,60,98,86,11,58,4,3,66,87,10,16,54,52,31,94,45,88,21,12,88,27,57,12,45,4,10,30,23
net_1,20240129,98,20,75,76,3,70,41,57,12,99,15,14,29,81,100,8,39,65,39,88,50,35,49,2,98,65,47,6,27,36,82,32,88,65,10,11,65,39,43,13,40,62,45,63,84,69,73,58,48,71,52,22,41,19,62,56,32,74,95,59,15,0,67,4,67,61,18,65,92,86,60,48,49,39,14,21,98,62,82,12,50,4,61,92,98,22,90,47,33,97,88,39,86,19,58,31
net_2,20240129,1,67,91,25,39,6,55,48,36,71,1,45,46,92,46,28,74,15,67,40,0,24,60,96,47,35,55,66,54,64,40,39,38,19,7,41,1,19,88,69,20,0,65,97,57,71,46,80,1,3,83,88,97,93,19,44,68,55,15,40,71,60,43,75,67,57,40,20,6,0,38,36,41,63,73,59,75,98,2,68,11,49,9,64,86,52,61,98,36,81,4,67,17,88,60,36
net_2,20240129,86,47,47,73,15,44,21,69,98,21,92,96,12,39,26,79,91,96,16,21,27,49,92,12,22,5,67,70,34,95,66,88,49,0,55,100,26,98,85,85,24,65,66,82,38,79,98,78,90,58,4,82,51,95,40,19,2,75,19,81,33,64,30,62,82,81,57,59,46,86,45,84,54,76,44,32,56,57,57,11,75,72,33,100,13,93,58,12,59,22,39,56,82,47,81,15
net_2,20240129,93,18,88,21,10,64,82,93,5,50,32,74,65,10,97,73,78,17,64,52,88,17,90,99,76,57,70,69,98,28,96,24,48,46,58,13,65,56,81,92,1,35,26,67,59,66,84,2,85,33,63,97,47,17,0,59,39,54,33,10,67,39,1,20,56,31,4,82,68,22,25,41,45,82,38,40,40,57,18,88,72,85,25,6,5,60,39,29,100,47,34,43,6,39,42,64
net_3,20240129,7,25,31,47,66,6,62,92,63,59,24,46,71,64,45,91,42,98,42,40,95,10,98,27,87,7,47,74,63,41,86,5,24,77,3,62,13,14,28,13,98,33,10,41,54,49,38,16,62,71,21,22,35,72,60,49,56,27,22,57,29,26,93,46,63,25,44,9,92,30,76,4,11,23,76,62,1,27,21,25,7,9,66,39,48,62,31,100,45,68,79,17,58,98,43,59
net_3,20240129,46,58,13,63,73,73,8,31,22,29,58,62,84,19,97,5,37,8,63,70,17,91,42,32,4,19,40,85,89,56,34,40,39,32,61,46,5,81,81,80,93,14,38,25,72,20,88,38,13,60,63,68,100,20,89,14,39,37,70,15,60,71,4,100,16,19,4,85,98,49,28,24,2,61,23,35,32,90,13,10,31,53,0,63,46,20,19,23,21,3,85,100,98,3,39,81
net_3,20240129,77,39,72,74,87,89,43,14,3,31,59,2,56,75,54,30,4,88,5,72,3,54,29,70,1,24,10,44,32,89,17,94,93,27,53,25,2,26,18,76,90,41,41,72,4,16,65,93,87,18,94,69,3,31,19,48,10,7,35,43,0,97,31,30,19,83,50,30,53,48,68,18,83,31,87,12,62,36,44,25,53,25,61,38,65,34,47,73,0,66,60,15,99,58,91,81
net_1,20240130,46,5,45,83,59,33,19,6,48,61,59,36,59,95,96,37,48,58,75,54,69,59,19,79,94,22,99,5,12,70,23,5,64,81,64,49,33,98,16,27,89,54,32,75,0,96,93,64,51,96,86,18,56,67,25,83,81,9,6,78,27,64,35,93,50,22,2,4,82,88,36,68,10,33,81,11,51,39,25,0,13,30,44,81,94,44,32,25,93,77,54,79,23,20,86,56
net_1,20240130,5,58,70,66,93,92,41,76,93,85,48,52,99,30,96,21,95,52,38,88,30,54,33,31,80,4,3,60,92,62,31,76,2,0,94,2,54,83,28,22,10,71,86,46,71,30,85,81,61,42,55,32,28,78,14,95,64,48,98,99,58,82,43,21,99,46,32,92,7,26,13,54,87,80,55,50,31,2,36,69,76,49,3,67,52,63,10,78,10,11,18,59,44,20,15,52
net_1,20240130,85,82,36,36,48,87,25,12,83,74,64,57,2,76,23,72,97,7,79,52,2,58,5,84,48,12,36,0,47,3,73,84,42,8,97,40,76,49,20,74,60,54,77,1,40,33,10,78,76,74,1,64,1,60,32,38,9,20,97,63,43,50,72,8,67,22,59,100,25,92,22,24,74,89,61,52,45,12,100,12,39,15,81,0,74,7,80,29,31,91,100,48,22,52,96,72
net_2,20240130,77,2,94,66,85,20,97,68,55,16,60,28,96,82,58,76,50,27,35,39,68,48,66,12,52,54,19,92,81,87,72,28,94,68,71,70,11,89,23,49,39,84,98,16,91,18,45,10,57,5,82,42,98,94,56,30,9,0,95,39,81,18,95,14,90,46,75,59,9,17,43,82,42,85,48,18,81,12,48,52,55,49,4,16,5,74,71,45,6,4,31,53,27,47,98,21
net_2,20240130,41,42,95,62,84,81,73,92,54,8,73,76,92,46,88,22,41,31,16,39,33,54,13,95,81,63,98,20,77,51,21,72,72,32,58,30,89,95,3,50,17,7,42,82,20,31,67,7,4,12,57,78,27,71,11,78,45,61,25,76,66,23,62,63,0,94,95,48,69,71,89,43,19,29,59,62,70,94,67,98,63,19,23,13,42,91,69,57,53,43,72,79,43,96,63,17
net_2,20240130,99,46,35,17,43,100,9,58,19,6,86,77,73,93,17,14,20,58,77,52,88,63,79,62,30,76,56,96,41,57,33,75,53,87,32,29,28,0,54,19,98,36,67,91,80,22,88,84,40,61,61,90,40,91,92,43,57,11,17,94,88,99,19,10,24,8,56,7,66,83,20,40,35,34,79,99,84,64,24,91,97,23,24,99,71,60,31,78,85,11,55,43,50,61,59,99
net_3,20240130,96,20,39,86,54,87,79,15,10,55,74,4,49,10,59,98,41,56,14,70,45,46,10,3,23,74,0,24,98,20,54,22,78,58,9,26,93,35,22,94,18,89,95,53,66,42,96,69,12,86,0,48,72,38,90,24,96,92,57,82,19,6,18,40,77,56,81,41,79,22,65,12,71,84,18,69,38,44,29,13,86,92,95,62,58,35,17,54,35,21,72,75,88,13,62,21
net_3,20240130,68,33,65,95,34,10,1,4,29,91,16,94,6,68,16,38,95,21,67,19,10,46,65,18,75,100,83,12,75,19,29,30,76,55,60,81,34,51,28,17,9,95,44,81,78,74,80,79,71,28,20,4,95,52,91,55,77,44,64,71,88,34,71,97,82,74,25,13,54,78,73,84,82,46,40,39,83,64,93,100,63,88,55,49,73,73,20,80,23,14,18,74,65,97,80,45
net_3,20240130,46,66,61,26,34,63,54,95,66,68,91,43,15,52,62,60,96,25,91,99,78,57,87,88,13,72,71,45,65,34,86,84,94,22,14,13,90,76,83,75,57,25,41,90,61,97,73,2,75,23,56,12,34,93,47,86,45,74,39,97,68,82,38,69,91,95,91,14,48,33,87,6,15,44,71,66,52,23,41,97,6,86,86,77,57,46,16,25,79,8,25,69,98,23,96,4
